TICKER,DATE,OPEN,HIGH,LOW,CLOSE,VOL
SU26222RMFS8,2020-01-03,104.946,106.906,104.79,104.851,6275
SU26222RMFS8,2020-01-06,104.989,104.989,104.49,104.612,12596
SU26222RMFS8,2020-01-08,104.922,104.923,104.505,104.842,2234
SU26222RMFS8,2020-01-09,104.929,104.985,104.5,104.905,498794
SU26222RMFS8,2020-01-10,104.9,105.569,104.9,105.569,12799
SU26222RMFS8,2020-01-13,106.705,106.705,105.18,105.696,11972
SU26222RMFS8,2020-01-14,105.67,105.672,105.234,105.52,2336497
SU26222RMFS8,2020-01-15,105.648,105.648,105.35,105.35,857387
SU26222RMFS8,2020-01-16,105.598,105.599,105.352,105.403,643194
SU26222RMFS8,2020-01-17,105.849,105.849,105.238,105.401,11490
SU26222RMFS8,2020-01-20,105.717,105.717,105.291,105.404,1985
SU26222RMFS8,2020-01-21,105.283,105.697,105.283,105.649,11129
SU26222RMFS8,2020-01-22,105.709,105.71,105.43,105.55,165749
SU26222RMFS8,2020-01-23,105.499,105.65,105.451,105.557,346343
SU26222RMFS8,2020-01-24,105.649,105.65,105.45,105.65,11234
SU26222RMFS8,2020-01-27,105.749,106.247,105.15,105.289,3456089
SU26222RMFS8,2020-01-28,105.161,105.496,105.16,105.445,273766
SU26222RMFS8,2020-01-29,104.046,105.553,104.046,105.453,14290
SU26222RMFS8,2020-01-30,105.264,105.5,105.2,105.386,27468
SU26222RMFS8,2020-01-31,105.519,105.521,105.151,105.297,545866
SU26222RMFS8,2020-02-03,105.003,105.469,105.003,105.349,1778205
SU26222RMFS8,2020-02-04,105.0,105.519,105.0,105.45,772963
SU26222RMFS8,2020-02-05,105.3,105.55,105.3,105.548,298621
SU26222RMFS8,2020-02-06,105.848,105.848,105.109,105.407,74155
SU26222RMFS8,2020-02-07,105.363,105.819,105.35,105.77,1336804
SU26222RMFS8,2020-02-10,105.777,105.83,105.494,105.7,4377
SU26222RMFS8,2020-02-11,105.829,105.829,105.675,105.817,557366
SU26222RMFS8,2020-02-12,105.8,106.009,105.673,105.862,829136
SU26222RMFS8,2020-02-13,105.87,106.149,105.833,106.05,1753409
SU26222RMFS8,2020-02-14,105.882,106.25,105.882,106.249,44555
SU26222RMFS8,2020-02-17,107.039,107.039,106.02,106.2,54609
SU26222RMFS8,2020-02-18,106.309,106.309,105.817,106.201,370540
SU26222RMFS8,2020-02-19,106.309,106.409,105.825,106.409,80682
SU26222RMFS8,2020-02-20,106.409,106.599,106.269,106.595,116175
SU26222RMFS8,2020-02-21,106.59,106.59,106.321,106.449,3196895
SU26222RMFS8,2020-02-25,106.323,106.496,106.03,106.218,4184971
SU26222RMFS8,2020-02-26,106.296,106.296,105.825,106.184,592672
SU26222RMFS8,2020-02-27,105.9,105.94,104.241,105.151,1609471
SU26222RMFS8,2020-02-28,103.72,104.73,102.461,104.312,62986
SU26222RMFS8,2020-03-02,104.911,105.5,103.552,104.421,586219
SU26222RMFS8,2020-03-03,105.279,105.469,104.764,105.469,146518
SU26222RMFS8,2020-03-04,104.805,106.449,103.561,106.15,1352369
SU26222RMFS8,2020-03-05,106.492,106.493,105.4,105.4,1170830
SU26222RMFS8,2020-03-06,106.0,106.0,104.1,104.89,366297
SU26222RMFS8,2020-03-10,101.765,103.58,101.701,102.12,48492
SU26222RMFS8,2020-03-11,99.762,102.648,99.762,101.488,1273250
SU26222RMFS8,2020-03-12,100.082,101.299,98.0,98.35,453674
SU26222RMFS8,2020-03-13,99.0,100.15,98.499,99.5,562693
SU26222RMFS8,2020-03-16,99.5,102.144,97.801,98.2,78157
SU26222RMFS8,2020-03-17,98.407,99.262,98.0,98.51,166528
SU26222RMFS8,2020-03-18,98.499,98.499,96.186,96.89,144710
SU26222RMFS8,2020-03-19,95.87,97.997,95.87,97.749,428348
SU26222RMFS8,2020-03-20,97.7,100.236,97.7,99.6,117123
SU26222RMFS8,2020-03-23,100.0,100.12,98.11,100.0,137878
SU26222RMFS8,2020-03-24,100.119,101.789,100.0,101.4,196416
SU26222RMFS8,2020-03-25,102.477,102.478,100.512,100.961,174571
SU26222RMFS8,2020-03-26,102.074,102.074,100.861,101.7,323011
SU26222RMFS8,2020-03-27,101.997,102.19,101.393,101.997,25143
SU26222RMFS8,2020-03-30,101.414,102.099,100.586,102.045,24245
SU26222RMFS8,2020-03-31,101.134,102.647,101.134,102.252,283048
SU26222RMFS8,2020-04-01,101.753,102.792,101.751,102.442,604565
SU26222RMFS8,2020-04-02,102.925,102.925,101.8,102.0,158232
SU26222RMFS8,2020-04-03,102.589,102.797,102.002,102.412,52302
SU26222RMFS8,2020-04-06,102.8,102.9,102.735,102.9,332016
SU26222RMFS8,2020-04-07,102.711,103.288,102.711,102.899,196446
SU26222RMFS8,2020-04-08,103.089,103.089,102.751,102.871,600126
SU26222RMFS8,2020-04-09,103.127,103.229,102.804,103.05,359090
SU26222RMFS8,2020-04-10,103.001,103.257,102.832,103.148,65002
SU26222RMFS8,2020-04-13,105.691,105.691,102.873,103.18,91059
SU26222RMFS8,2020-04-14,103.289,103.301,103.007,103.21,210651
SU26222RMFS8,2020-04-15,103.248,103.249,102.875,103.002,693817
SU26222RMFS8,2020-04-16,103.2,103.549,102.882,103.548,1522444
SU26222RMFS8,2020-04-17,103.767,105.251,103.505,105.251,580477
SU26222RMFS8,2020-04-20,104.856,105.654,104.856,105.499,577892
SU26222RMFS8,2020-04-21,105.291,105.436,104.369,104.842,141006
SU26222RMFS8,2020-04-22,104.842,105.425,104.543,105.301,5727
SU26222RMFS8,2020-04-23,105.24,105.9,105.24,105.702,280556
SU26222RMFS8,2020-04-24,105.66,106.29,105.645,106.28,7692
SU26222RMFS8,2020-04-27,106.4,106.4,105.95,106.044,55800
SU26222RMFS8,2020-04-28,105.801,106.099,105.801,106.045,306
SU26222RMFS8,2020-04-29,105.901,106.242,105.901,106.174,5113
SU26222RMFS8,2020-04-30,105.8,106.284,105.8,106.099,264080
SU26222RMFS8,2020-05-04,106.149,106.29,106.06,106.289,14610
SU26222RMFS8,2020-05-05,106.2,106.2,106.1,106.2,1920
SU26222RMFS8,2020-05-06,106.2,106.2,106.053,106.1,5565
SU26222RMFS8,2020-05-07,106.38,106.38,106.052,106.217,540811
SU26222RMFS8,2020-05-08,106.379,107.2,106.11,107.19,18811
SU26222RMFS8,2020-05-12,107.349,107.548,107.3,107.42,64614
SU26222RMFS8,2020-05-13,107.557,107.847,107.302,107.809,67757
SU26222RMFS8,2020-05-14,107.809,107.94,107.494,107.94,18577
SU26222RMFS8,2020-05-15,107.97,108.949,107.97,108.601,13765
SU26222RMFS8,2020-05-18,109.4,109.9,108.65,108.782,2843
SU26222RMFS8,2020-05-19,109.097,109.098,108.701,108.76,277434
SU26222RMFS8,2020-05-20,108.768,109.0,108.761,108.999,524467
SU26222RMFS8,2020-05-21,108.8,109.0,108.78,108.801,2081
SU26222RMFS8,2020-05-22,108.701,108.999,108.634,108.701,28672
SU26222RMFS8,2020-05-25,109.17,109.17,108.751,108.895,27536
SU26222RMFS8,2020-05-26,108.99,109.0,108.637,108.74,13148
SU26222RMFS8,2020-05-27,108.91,108.917,108.452,108.452,238780
SU26222RMFS8,2020-05-28,108.76,108.77,108.3,108.414,713163
SU26222RMFS8,2020-05-29,108.655,108.77,108.419,108.55,628803
SU26222RMFS8,2020-06-01,108.799,108.884,108.552,108.602,351477
SU26222RMFS8,2020-06-02,108.895,108.895,108.671,108.848,46259
SU26222RMFS8,2020-06-03,108.916,108.919,108.602,108.602,239307
SU26222RMFS8,2020-06-04,108.411,108.725,108.21,108.35,32600
SU26222RMFS8,2020-06-05,108.254,108.653,108.001,108.249,28548
SU26222RMFS8,2020-06-08,108.25,108.28,107.869,107.999,104728
SU26222RMFS8,2020-06-09,108.149,108.248,107.804,108.248,315412
SU26222RMFS8,2020-06-10,108.25,108.449,108.111,108.21,813138
SU26222RMFS8,2020-06-11,108.35,108.498,108.203,108.209,125519
SU26222RMFS8,2020-06-15,108.654,108.654,107.99,108.398,3038
SU26222RMFS8,2020-06-16,107.501,108.692,107.501,108.686,20002
SU26222RMFS8,2020-06-17,108.698,108.92,108.507,108.918,70125
SU26222RMFS8,2020-06-18,108.968,108.974,108.689,108.949,15044
SU26222RMFS8,2020-06-19,108.741,109.649,108.741,109.254,882233
SU26222RMFS8,2020-06-22,109.489,109.489,108.8,108.8,188629
SU26222RMFS8,2020-06-23,108.691,109.096,108.661,108.908,27235
SU26222RMFS8,2020-06-25,108.661,109.1,108.661,108.799,99951
SU26222RMFS8,2020-06-26,108.665,108.999,108.665,108.707,105718
SU26222RMFS8,2020-06-29,109.019,109.019,108.371,108.422,111372
SU26222RMFS8,2020-06-30,108.354,108.721,107.725,108.199,466170
SU26222RMFS8,2020-07-02,108.119,108.596,108.119,108.349,55623
SU26222RMFS8,2020-07-03,108.417,108.417,107.482,107.561,88960
SU26222RMFS8,2020-07-06,107.301,108.198,107.301,107.883,105584
SU26222RMFS8,2020-07-07,108.198,108.529,107.561,108.529,409142
SU26222RMFS8,2020-07-08,108.598,108.75,108.16,108.697,334388
SU26222RMFS8,2020-07-09,108.75,108.798,108.57,108.572,4180
SU26222RMFS8,2020-07-10,108.8,108.8,108.376,108.734,2946
SU26222RMFS8,2020-07-13,108.744,108.9,108.389,108.898,59550
SU26222RMFS8,2020-07-14,108.801,108.838,108.521,108.798,121655
SU26222RMFS8,2020-07-15,108.946,108.999,108.655,108.782,393031
SU26222RMFS8,2020-07-16,109.018,109.018,108.581,108.85,258747
SU26222RMFS8,2020-07-17,109.018,109.018,108.667,108.997,43808
SU26222RMFS8,2020-07-20,109.007,109.09,108.744,108.87,1461
SU26222RMFS8,2020-07-21,108.994,109.137,108.791,109.1,1147
SU26222RMFS8,2020-07-22,108.932,109.098,108.932,109.0,3870
SU26222RMFS8,2020-07-23,109.092,109.093,108.88,109.085,3575
SU26222RMFS8,2020-07-24,109.094,109.095,108.644,108.969,6296
SU26222RMFS8,2020-07-27,109.094,109.095,108.832,108.882,52170
SU26222RMFS8,2020-07-28,108.608,109.092,108.608,108.976,10029
SU26222RMFS8,2020-07-29,109.0,109.0,108.528,108.797,439
SU26222RMFS8,2020-07-30,108.85,108.85,108.174,108.5,11775
SU26222RMFS8,2020-07-31,108.311,108.65,108.309,108.56,115000
SU26222RMFS8,2020-08-03,108.31,108.699,108.31,108.699,7721
SU26222RMFS8,2020-08-04,108.7,108.888,108.488,108.6,926
SU26222RMFS8,2020-08-05,108.749,108.799,108.516,108.546,20422
SU26222RMFS8,2020-08-06,108.899,108.899,108.482,108.527,1028
SU26222RMFS8,2020-08-07,108.719,108.719,108.251,108.41,94090
SU26222RMFS8,2020-08-10,108.651,108.651,108.2,108.303,1326
SU26222RMFS8,2020-08-11,108.571,108.58,108.141,108.58,9809
SU26222RMFS8,2020-08-12,108.579,108.58,108.349,108.478,9698
SU26222RMFS8,2020-08-13,108.529,108.529,108.101,108.101,17298
SU26222RMFS8,2020-08-14,108.09,108.528,107.901,108.0,157328
SU26222RMFS8,2020-08-17,108.098,108.098,107.051,107.4,508832
SU26222RMFS8,2020-08-18,107.599,107.7,107.102,107.7,731785
SU26222RMFS8,2020-08-19,107.504,108.099,107.504,107.805,385525
SU26222RMFS8,2020-08-20,107.805,107.999,107.5,107.5,21987
SU26222RMFS8,2020-08-21,107.937,107.937,107.25,107.25,33719
SU26222RMFS8,2020-08-24,107.222,107.729,107.22,107.5,51519
SU26222RMFS8,2020-08-25,107.201,108.087,107.201,107.55,25519
SU26222RMFS8,2020-08-26,107.698,107.698,107.216,107.498,148994
SU26222RMFS8,2020-08-27,107.317,107.8,107.317,107.72,112742
SU26222RMFS8,2020-08-28,108.036,108.036,107.562,107.785,34829
SU26222RMFS8,2020-08-31,107.785,107.998,107.551,107.551,10094
SU26222RMFS8,2020-09-01,107.661,108.1,107.661,107.95,10456
SU26222RMFS8,2020-09-02,108.099,108.1,107.322,107.5,3192
SU26222RMFS8,2020-09-03,107.539,107.539,107.25,107.3,158545
SU26222RMFS8,2020-09-04,107.201,107.497,107.2,107.406,20716
SU26222RMFS8,2020-09-07,106.12,107.639,106.12,107.295,3889
SU26222RMFS8,2020-09-08,107.3,107.484,107.101,107.3,6520
SU26222RMFS8,2020-09-09,107.2,107.35,107.101,107.297,762
SU26222RMFS8,2020-09-10,107.11,107.63,107.11,107.539,7523
SU26222RMFS8,2020-09-11,107.262,107.531,107.221,107.301,1500
SU26222RMFS8,2020-09-14,107.494,107.494,107.202,107.326,203176
SU26222RMFS8,2020-09-15,107.628,107.628,107.204,107.3,2121
SU26222RMFS8,2020-09-16,107.624,107.624,107.281,107.375,10149
SU26222RMFS8,2020-09-17,107.312,107.448,107.201,107.35,25455
SU26222RMFS8,2020-09-18,107.251,107.5,107.2,107.221,45840
SU26222RMFS8,2020-09-21,107.483,107.483,107.105,107.209,37364
SU26222RMFS8,2020-09-22,107.3,107.3,107.06,107.15,358473
SU26222RMFS8,2020-09-23,107.102,107.15,106.895,107.0,833436
SU26222RMFS8,2020-09-24,107.098,107.098,106.857,106.997,57835
SU26222RMFS8,2020-09-25,107.149,107.149,106.861,107.048,445143
SU26222RMFS8,2020-09-28,106.5,107.192,106.5,106.9,707565
SU26222RMFS8,2020-09-29,106.87,107.096,106.87,107.089,14203
SU26222RMFS8,2020-09-30,106.906,107.166,106.906,107.14,179966
SU26222RMFS8,2020-10-01,108.796,108.796,107.132,107.2,102278
SU26222RMFS8,2020-10-02,107.419,107.419,107.161,107.201,8004
SU26222RMFS8,2020-10-05,107.469,107.469,107.206,107.206,1984
SU26222RMFS8,2020-10-06,107.111,107.399,107.111,107.37,4307
SU26222RMFS8,2020-10-07,107.309,107.45,107.201,107.45,124742
SU26222RMFS8,2020-10-08,107.6,107.6,107.271,107.6,11303
SU26222RMFS8,2020-10-09,107.372,107.568,107.372,107.568,9708
SU26222RMFS8,2020-10-12,107.704,107.704,107.395,107.502,91846
SU26222RMFS8,2020-10-13,107.453,107.789,107.453,107.664,37945
SU26222RMFS8,2020-10-14,107.455,107.787,107.454,107.55,51289
SU26222RMFS8,2020-10-15,107.678,107.679,107.392,107.449,12159
SU26222RMFS8,2020-10-16,107.474,107.483,107.247,107.47,58324
SU26222RMFS8,2020-10-19,107.577,107.848,107.483,107.847,42607
SU26222RMFS8,2020-10-20,107.55,107.63,107.25,107.31,22126
SU26222RMFS8,2020-10-21,107.31,107.596,107.282,107.44,59514
SU26222RMFS8,2020-10-22,107.234,107.416,107.234,107.404,11612
SU26222RMFS8,2020-10-23,107.537,107.664,107.302,107.498,70224
SU26222RMFS8,2020-10-26,107.498,107.64,107.355,107.355,75235
SU26222RMFS8,2020-10-27,107.588,107.588,107.233,107.407,17584
SU26222RMFS8,2020-10-28,107.538,107.538,107.08,107.19,45224
SU26222RMFS8,2020-10-29,107.398,107.398,107.05,107.052,170967
SU26222RMFS8,2020-10-30,107.298,107.298,107.003,107.076,62855
SU26222RMFS8,2020-11-02,106.997,107.149,106.69,106.692,4028
SU26222RMFS8,2020-11-03,106.89,107.022,106.549,106.968,9396
SU26222RMFS8,2020-11-05,106.75,107.54,106.584,107.433,28587
SU26222RMFS8,2020-11-06,107.6,107.6,107.282,107.55,182823
SU26222RMFS8,2020-11-09,107.256,107.789,107.256,107.62,11625
SU26222RMFS8,2020-11-10,107.4,107.741,107.4,107.462,134245
SU26222RMFS8,2020-11-11,107.639,107.64,107.4,107.45,297739
SU26222RMFS8,2020-11-12,107.649,107.649,107.42,107.596,9504
SU26222RMFS8,2020-11-13,107.64,107.792,107.471,107.6,145068
SU26222RMFS8,2020-11-16,107.5,107.8,107.5,107.702,5619
SU26222RMFS8,2020-11-17,107.799,107.799,107.6,107.654,53658
SU26222RMFS8,2020-11-18,107.334,107.78,107.334,107.649,840899
SU26222RMFS8,2020-11-19,107.735,107.737,107.5,107.688,23405
SU26222RMFS8,2020-11-20,107.312,107.698,107.312,107.669,21134
SU26222RMFS8,2020-11-23,107.788,107.788,107.518,107.541,10888
SU26222RMFS8,2020-11-24,107.699,107.699,107.53,107.561,6544
SU26222RMFS8,2020-11-25,107.351,107.646,107.351,107.505,20042
SU26222RMFS8,2020-11-26,107.461,107.6,107.461,107.549,132704
SU26222RMFS8,2020-11-27,107.461,107.599,107.347,107.391,967755
SU26222RMFS8,2020-11-30,107.39,107.58,107.39,107.392,16164
SU26222RMFS8,2020-12-01,107.54,107.576,107.377,107.43,64804
SU26222RMFS8,2020-12-02,107.567,107.578,107.321,107.435,50560
SU26222RMFS8,2020-12-03,107.499,107.508,107.244,107.38,3085
SU26222RMFS8,2020-12-04,107.5,107.5,107.303,107.351,9864
SU26222RMFS8,2020-12-07,107.564,107.564,107.23,107.514,6263
SU26222RMFS8,2020-12-08,107.538,107.538,107.376,107.52,114596
SU26222RMFS8,2020-12-09,107.597,107.599,107.402,107.544,159368
SU26222RMFS8,2020-12-10,107.798,107.798,107.21,107.338,1384600
SU26222RMFS8,2020-12-11,107.342,107.609,107.3,107.35,10553
SU26222RMFS8,2020-12-14,107.499,107.5,107.301,107.34,222847
SU26222RMFS8,2020-12-15,107.121,107.399,107.121,107.201,54358
SU26222RMFS8,2020-12-16,107.249,107.25,107.087,107.23,65795
SU26222RMFS8,2020-12-17,107.26,107.28,107.097,107.28,136000
SU26222RMFS8,2020-12-18,107.299,107.299,106.95,107.098,45303
SU26222RMFS8,2020-12-21,106.841,107.121,106.75,106.839,40620
SU26222RMFS8,2020-12-22,106.85,106.85,106.75,106.849,309495
SU26222RMFS8,2020-12-23,106.85,106.89,106.551,106.72,23189
SU26222RMFS8,2020-12-24,106.74,106.76,106.6,106.74,3823
SU26222RMFS8,2020-12-25,106.77,106.771,106.7,106.771,6825
SU26222RMFS8,2020-12-28,106.869,107.299,106.713,106.84,14064
SU26222RMFS8,2020-12-29,107.0,107.03,106.6,107.03,1825740
SU26222RMFS8,2020-12-30,107.293,107.293,106.805,107.0,21613
SU26222RMFS8,2021-01-04,106.99,107.202,106.907,107.202,1886
SU26222RMFS8,2021-01-05,107.001,107.112,106.932,107.112,1689
SU26222RMFS8,2021-01-06,106.909,107.245,106.909,107.125,981
SU26222RMFS8,2021-01-08,106.91,107.195,106.91,107.095,4109
SU26222RMFS8,2021-01-11,106.95,107.152,106.78,106.8,634120
SU26222RMFS8,2021-01-12,106.878,106.878,106.698,106.818,2804
SU26222RMFS8,2021-01-13,106.36,106.827,106.36,106.769,37050
SU26222RMFS8,2021-01-14,106.779,106.819,106.504,106.69,28588
SU26222RMFS8,2021-01-15,106.877,106.877,106.211,106.406,136952
SU26222RMFS8,2021-01-18,106.45,106.45,106.268,106.32,8789
SU26222RMFS8,2021-01-19,106.15,106.48,106.15,106.48,28979
SU26222RMFS8,2021-01-20,106.599,106.599,106.277,106.428,5329
SU26222RMFS8,2021-01-21,106.632,106.636,106.28,106.301,45723
SU26222RMFS8,2021-01-22,106.339,106.339,105.924,106.098,43628
SU26222RMFS8,2021-01-25,107.094,107.094,105.898,106.148,53367
SU26222RMFS8,2021-01-26,107.0,107.0,105.849,106.148,2329
SU26222RMFS8,2021-01-27,105.902,106.354,105.902,106.06,12206
SU26222RMFS8,2021-01-28,106.18,106.18,105.806,106.13,7462
SU26222RMFS8,2021-01-29,107.096,107.096,105.98,105.98,214998
SU26222RMFS8,2021-02-01,106.234,106.234,105.97,106.084,65472
SU26222RMFS8,2021-02-02,105.885,106.157,105.882,105.99,55549
SU26222RMFS8,2021-02-03,105.892,106.139,105.8,106.043,61129
SU26222RMFS8,2021-02-04,106.043,106.2,105.907,106.149,22284
SU26222RMFS8,2021-02-05,106.547,106.547,106.03,106.24,69123
SU26222RMFS8,2021-02-08,106.043,106.597,106.043,106.298,907511
SU26222RMFS8,2021-02-09,106.587,106.595,105.883,106.041,206517
SU26222RMFS8,2021-02-10,106.09,106.09,105.839,105.939,130262
SU26222RMFS8,2021-02-11,105.611,106.396,105.611,105.682,10749
SU26222RMFS8,2021-02-12,106.187,106.195,105.171,105.171,44612
SU26222RMFS8,2021-02-15,105.506,105.506,105.2,105.208,8863
SU26222RMFS8,2021-02-16,105.3,105.3,104.9,104.968,3741
SU26222RMFS8,2021-02-17,104.97,104.97,104.562,104.771,57773
SU26222RMFS8,2021-02-18,104.999,105.11,104.83,104.951,59870
SU26222RMFS8,2021-02-19,105.009,105.01,104.537,104.65,13535
SU26222RMFS8,2021-02-20,104.808,104.86,104.531,104.85,9004
SU26222RMFS8,2021-02-22,104.93,104.93,104.78,104.78,1099
SU26222RMFS8,2021-02-24,105.247,105.247,104.53,104.694,51791
SU26222RMFS8,2021-02-25,104.719,104.719,104.313,104.375,63863
SU26222RMFS8,2021-02-26,104.518,104.518,104.001,104.003,4181
SU26222RMFS8,2021-03-01,103.699,104.22,103.699,104.199,73499
SU26222RMFS8,2021-03-02,104.199,104.199,103.6,104.156,150411
SU26222RMFS8,2021-03-03,104.156,104.3,103.985,104.3,22657
SU26222RMFS8,2021-03-04,104.507,104.599,104.301,104.595,43878
SU26222RMFS8,2021-03-05,104.596,104.596,103.965,104.19,160936
SU26222RMFS8,2021-03-09,104.199,104.329,103.939,104.2,179077
SU26222RMFS8,2021-03-10,104.497,104.497,103.823,103.823,154432
SU26222RMFS8,2021-03-11,104.196,104.196,103.473,103.696,161188
SU26222RMFS8,2021-03-12,103.686,103.886,103.42,103.481,144648
SU26222RMFS8,2021-03-15,103.882,103.882,103.299,103.34,23484
SU26222RMFS8,2021-03-16,103.63,103.631,103.207,103.37,23935
SU26222RMFS8,2021-03-17,103.594,103.594,103.152,103.153,5790
SU26222RMFS8,2021-03-18,103.593,103.594,103.0,103.05,300643
SU26222RMFS8,2021-03-19,102.761,103.193,102.761,102.828,116070
SU26222RMFS8,2021-03-22,103.296,103.296,102.55,102.707,300320
SU26222RMFS8,2021-03-23,102.807,102.808,102.002,102.171,437591
SU26222RMFS8,2021-03-24,102.201,102.683,102.001,102.389,198341
SU26222RMFS8,2021-03-25,102.598,102.7,101.9,102.685,14574
SU26222RMFS8,2021-03-26,102.898,103.01,102.785,103.009,14121
SU26222RMFS8,2021-03-29,103.793,103.793,102.721,102.939,202214
SU26222RMFS8,2021-03-30,102.999,103.0,102.761,102.801,95392
SU26222RMFS8,2021-03-31,102.69,103.0,102.69,102.89,36321
SU26222RMFS8,2021-04-01,103.198,103.198,102.69,102.73,20389
SU26222RMFS8,2021-04-02,103.196,103.196,102.685,102.96,106700
SU26222RMFS8,2021-04-05,103.197,103.199,102.65,102.919,51140
SU26222RMFS8,2021-04-06,102.949,102.99,102.125,102.402,268444
SU26222RMFS8,2021-04-07,102.733,102.733,101.997,102.268,40326
SU26222RMFS8,2021-04-08,102.27,102.27,102.01,102.16,234415
SU26222RMFS8,2021-04-09,103.1,103.158,101.9,102.05,47557
SU26222RMFS8,2021-04-12,103.157,103.157,101.601,102.028,31908
SU26222RMFS8,2021-04-13,102.029,102.117,101.862,102.1,458005
SU26222RMFS8,2021-04-14,102.358,102.798,102.358,102.6,127272
SU26222RMFS8,2021-04-15,102.6,102.798,101.873,102.497,71525
SU26222RMFS8,2021-04-16,102.27,103.04,102.27,102.849,241906
SU26222RMFS8,2021-04-19,102.85,103.163,102.6,102.699,326271
SU26222RMFS8,2021-04-20,102.699,102.992,102.52,102.559,31960
SU26222RMFS8,2021-04-21,102.79,102.79,102.42,102.65,11290
SU26222RMFS8,2021-04-22,102.671,102.877,102.498,102.75,350161
SU26222RMFS8,2021-04-23,102.853,103.0,102.28,102.798,1302343
SU26222RMFS8,2021-04-26,102.799,102.9,102.649,102.7,2757725
SU26222RMFS8,2021-04-27,102.938,102.938,102.552,102.699,1135093
SU26222RMFS8,2021-04-28,103.738,103.738,102.575,102.7,921869
SU26222RMFS8,2021-04-29,103.196,103.2,102.601,102.749,344742
SU26222RMFS8,2021-04-30,103.19,103.197,102.601,102.78,12271
SU26222RMFS8,2021-05-04,102.799,102.84,102.75,102.839,8190
SU26222RMFS8,2021-05-05,102.839,102.926,102.68,102.77,325015
SU26222RMFS8,2021-05-06,102.77,103.0,102.6,102.78,7934
SU26222RMFS8,2021-05-07,102.506,102.997,102.506,102.786,1883
SU26222RMFS8,2021-05-10,104.341,104.341,102.851,102.94,2243
SU26222RMFS8,2021-05-11,103.199,103.199,102.56,102.649,969636
SU26222RMFS8,2021-05-12,102.5,103.2,102.452,102.54,775337
SU26222RMFS8,2021-05-13,102.65,102.652,102.302,102.499,548609
SU26222RMFS8,2021-05-14,103.199,103.199,102.405,102.615,16614
SU26222RMFS8,2021-05-17,102.986,102.986,102.406,102.628,7203
SU26222RMFS8,2021-05-18,102.977,102.977,102.511,102.597,19653
SU26222RMFS8,2021-05-19,103.089,103.089,102.462,102.54,9541
SU26222RMFS8,2021-05-20,102.365,102.845,102.205,102.6,218138
SU26222RMFS8,2021-05-21,102.6,102.6,102.45,102.558,33230
SU26222RMFS8,2021-05-24,102.711,102.712,102.371,102.371,10887
SU26222RMFS8,2021-05-25,102.384,102.995,102.206,102.479,184170
SU26222RMFS8,2021-05-26,102.377,103.0,102.352,102.44,22647
SU26222RMFS8,2021-05-27,102.987,102.987,102.35,102.35,17311
SU26222RMFS8,2021-05-28,102.36,102.795,102.171,102.32,13616
SU26222RMFS8,2021-05-31,102.321,102.448,102.092,102.3,10038
SU26222RMFS8,2021-06-01,102.799,102.799,102.0,102.237,6782
SU26222RMFS8,2021-06-02,102.237,102.237,101.946,102.0,8339
SU26222RMFS8,2021-06-03,102.002,102.149,101.867,101.95,93576
SU26222RMFS8,2021-06-04,102.416,102.416,101.7,101.872,31271
SU26222RMFS8,2021-06-07,101.601,101.87,101.6,101.799,14936
SU26222RMFS8,2021-06-08,101.8,101.8,101.399,101.67,11567
SU26222RMFS8,2021-06-09,101.517,101.659,101.391,101.455,14595
SU26222RMFS8,2021-06-10,101.499,101.62,101.454,101.6,715216
SU26222RMFS8,2021-06-11,101.998,101.998,101.461,101.7,4882
SU26222RMFS8,2021-06-14,101.7,102.143,101.62,101.65,2740
SU26222RMFS8,2021-06-15,101.996,101.996,101.2,101.317,47604
SU26222RMFS8,2021-06-16,101.224,101.497,101.14,101.149,716933
SU26222RMFS8,2021-06-17,101.122,101.362,100.922,101.06,203891
SU26222RMFS8,2021-06-18,101.366,101.369,101.062,101.242,852345
SU26222RMFS8,2021-06-21,101.062,101.498,101.062,101.18,6654
SU26222RMFS8,2021-06-22,101.152,101.26,101.14,101.2,66154
SU26222RMFS8,2021-06-23,101.068,101.5,101.066,101.399,4714
SU26222RMFS8,2021-06-24,101.072,101.499,101.072,101.28,9353
SU26222RMFS8,2021-06-25,101.4,101.495,101.156,101.22,6640
SU26222RMFS8,2021-06-28,101.152,101.797,101.1,101.13,47214
SU26222RMFS8,2021-06-29,101.18,101.18,100.7,100.85,22749
SU26222RMFS8,2021-06-30,101.46,101.46,100.881,100.949,1744
SU26222RMFS8,2021-07-01,100.9,101.061,100.89,100.899,262103
SU26222RMFS8,2021-07-02,100.899,101.008,100.802,100.909,17972
SU26222RMFS8,2021-07-05,101.0,101.0,100.8,100.929,85010
SU26222RMFS8,2021-07-06,100.754,100.99,100.753,100.782,69113
SU26222RMFS8,2021-07-07,100.757,100.959,100.751,100.77,181123
SU26222RMFS8,2021-07-08,100.898,100.955,100.551,100.729,33710
SU26222RMFS8,2021-07-09,100.919,100.919,100.527,100.563,4128
SU26222RMFS8,2021-07-12,100.891,100.891,100.6,100.67,408054
SU26222RMFS8,2021-07-13,100.907,100.907,100.6,100.605,86634
SU26222RMFS8,2021-07-14,100.893,100.899,100.548,100.635,51796
SU26222RMFS8,2021-07-15,100.501,100.956,100.501,100.82,150414
SU26222RMFS8,2021-07-16,100.967,100.97,100.603,100.85,209407
SU26222RMFS8,2021-07-19,100.538,100.851,100.538,100.851,112658
SU26222RMFS8,2021-07-20,100.503,101.0,100.503,100.936,223913
SU26222RMFS8,2021-07-21,100.866,101.379,100.864,101.137,287899
SU26222RMFS8,2021-07-22,101.141,101.424,101.141,101.35,219011
SU26222RMFS8,2021-07-23,101.8,101.8,101.2,101.21,6948
SU26222RMFS8,2021-07-26,101.695,101.695,101.201,101.259,3735
SU26222RMFS8,2021-07-27,101.49,101.657,101.156,101.231,22523
SU26222RMFS8,2021-07-28,101.423,101.427,101.219,101.32,336186
SU26222RMFS8,2021-07-29,101.561,101.562,101.286,101.3,8839
SU26222RMFS8,2021-07-30,101.537,101.537,101.225,101.282,1580
SU26222RMFS8,2021-08-02,101.617,101.617,101.157,101.164,172607
SU26222RMFS8,2021-08-03,101.101,101.403,101.101,101.19,3351
SU26222RMFS8,2021-08-04,101.112,101.37,100.902,100.902,156564
SU26222RMFS8,2021-08-05,101.294,101.299,101.101,101.101,5707
SU26222RMFS8,2021-08-06,101.296,101.299,101.054,101.054,54085
SU26222RMFS8,2021-08-09,101.297,101.297,100.927,101.02,113411
SU26222RMFS8,2021-08-10,101.197,101.197,100.871,100.871,66653
SU26222RMFS8,2021-08-11,100.863,101.111,100.863,100.9,43787
SU26222RMFS8,2021-08-12,100.86,101.174,100.855,100.857,24464
SU26222RMFS8,2021-08-13,101.144,101.144,100.761,101.0,599827
SU26222RMFS8,2021-08-16,100.754,101.139,100.754,100.967,24540
SU26222RMFS8,2021-08-17,101.278,101.278,100.971,101.022,21314
SU26222RMFS8,2021-08-18,101.176,101.176,100.975,101.002,23368
SU26222RMFS8,2021-08-19,101.299,101.299,101.0,101.002,105685
SU26222RMFS8,2021-08-20,101.494,101.494,100.92,101.017,13236
SU26222RMFS8,2021-08-23,101.498,101.498,101.03,101.035,39847
SU26222RMFS8,2021-08-24,101.486,101.487,100.99,101.013,511326
SU26222RMFS8,2021-08-25,100.925,101.101,100.925,101.032,2005406
SU26222RMFS8,2021-08-26,101.227,101.227,100.89,100.89,385531
SU26222RMFS8,2021-08-27,100.801,101.482,100.801,100.906,225558
SU26222RMFS8,2021-08-30,101.438,101.439,100.813,101.014,69542
SU26222RMFS8,2021-08-31,100.802,101.19,100.802,101.04,112529
SU26222RMFS8,2021-09-01,101.387,101.5,100.961,100.978,557632
SU26222RMFS8,2021-09-02,101.091,101.091,100.781,100.811,270644
SU26222RMFS8,2021-09-03,101.376,101.376,100.811,100.833,210071
SU26222RMFS8,2021-09-06,101.44,101.496,100.8,100.8,268500
SU26222RMFS8,2021-09-07,100.814,101.34,100.702,100.705,11341
SU26222RMFS8,2021-09-08,101.291,101.291,100.684,100.684,5025
SU26222RMFS8,2021-09-09,100.687,100.819,100.6,100.612,49776
SU26222RMFS8,2021-09-10,101.235,101.235,100.6,100.6,79834
SU26222RMFS8,2021-09-13,100.757,100.8,100.506,100.655,110795
SU26222RMFS8,2021-09-14,101.165,101.165,100.583,100.604,5323
SU26222RMFS8,2021-09-15,100.69,100.839,100.571,100.615,3923
SU26222RMFS8,2021-09-16,101.14,101.14,100.515,100.551,80011
SU26222RMFS8,2021-09-17,101.001,101.001,100.475,100.475,612647
SU26222RMFS8,2021-09-20,100.959,100.959,100.3,100.303,37321
SU26222RMFS8,2021-09-21,100.44,100.74,100.273,100.419,162876
SU26222RMFS8,2021-09-22,100.912,100.912,100.204,100.29,56353
SU26222RMFS8,2021-09-23,100.836,100.836,100.18,100.2,347838
SU26222RMFS8,2021-09-24,100.757,100.757,99.92,99.92,88846
SU26222RMFS8,2021-09-27,99.921,100.39,99.91,100.001,167204
SU26222RMFS8,2021-09-28,100.449,100.449,99.904,100.15,101271
SU26222RMFS8,2021-09-29,100.445,100.445,99.85,100.0,11777
SU26222RMFS8,2021-09-30,100.049,100.05,99.82,100.006,54148
SU26222RMFS8,2021-10-01,99.853,100.281,99.496,99.892,80554
SU26222RMFS8,2021-10-04,99.893,100.33,99.553,99.707,587784
SU26222RMFS8,2021-10-05,99.502,99.724,99.111,99.389,350468
SU26222RMFS8,2021-10-06,99.717,99.717,99.001,99.37,290300
SU26222RMFS8,2021-10-07,99.215,99.547,99.0,99.546,19543
SU26222RMFS8,2021-10-08,99.698,99.699,99.284,99.602,18289
SU26222RMFS8,2021-10-11,99.394,99.601,99.35,99.499,45266
SU26222RMFS8,2021-10-12,99.691,99.691,99.209,99.551,37102
SU26222RMFS8,2021-10-13,99.698,99.698,99.3,99.591,118042
SU26222RMFS8,2021-10-14,99.7,99.7,99.364,99.607,210632
SU26222RMFS8,2021-10-15,99.7,99.7,99.352,99.553,162105
SU26222RMFS8,2021-10-18,99.682,99.682,99.062,99.333,180551
SU26222RMFS8,2021-10-19,99.333,99.492,99.161,99.385,34636
SU26222RMFS8,2021-10-20,99.471,99.471,99.106,99.298,159841
SU26222RMFS8,2021-10-21,99.417,99.417,98.942,99.128,108111
SU26222RMFS8,2021-10-22,99.226,99.226,98.195,98.3,197860
SU26222RMFS8,2021-10-25,98.367,98.37,97.569,97.8,81950
SU26222RMFS8,2021-10-26,97.552,97.92,97.55,97.66,196878
SU26222RMFS8,2021-10-27,97.58,97.916,97.55,97.801,424018
SU26222RMFS8,2021-10-28,97.921,97.921,97.0,97.187,469030
SU26222RMFS8,2021-10-29,97.345,97.651,97.048,97.26,88802
SU26222RMFS8,2021-11-01,97.494,97.494,96.754,97.142,206552
SU26222RMFS8,2021-11-02,97.052,97.455,96.883,97.116,207985
SU26222RMFS8,2021-11-03,97.438,97.497,96.95,97.0,179096
SU26222RMFS8,2021-11-05,97.295,97.295,96.892,97.08,14368
SU26222RMFS8,2021-11-08,97.083,97.489,97.031,97.356,42047
SU26222RMFS8,2021-11-09,97.006,97.458,97.006,97.287,326911
SU26222RMFS8,2021-11-10,97.436,97.79,97.21,97.599,456958
SU26222RMFS8,2021-11-11,97.861,97.861,97.0,97.5,658463
SU26222RMFS8,2021-11-12,97.501,97.856,97.122,97.305,469365
SU26222RMFS8,2021-11-15,97.409,97.414,97.01,97.153,239316
SU26222RMFS8,2021-11-16,97.074,97.168,96.923,97.099,296434
SU26222RMFS8,2021-11-17,97.399,97.399,96.918,97.0,63081
SU26222RMFS8,2021-11-18,96.98,97.0,96.56,96.791,230009
SU26222RMFS8,2021-11-19,96.792,97.4,96.5,96.654,253352
SU26222RMFS8,2021-11-22,96.654,96.655,95.791,96.048,101231
SU26222RMFS8,2021-11-23,96.384,96.447,95.707,96.055,49838
SU26222RMFS8,2021-11-24,96.673,96.673,95.905,96.161,300006
SU26222RMFS8,2021-11-25,96.664,96.888,95.677,96.392,228092
SU26222RMFS8,2021-11-26,96.857,96.857,95.95,96.45,139176
SU26222RMFS8,2021-11-29,96.5,96.898,96.107,96.602,224602
SU26222RMFS8,2021-11-30,96.867,96.868,96.21,96.497,944557
SU26222RMFS8,2021-12-01,96.929,96.929,96.098,96.429,247662
SU26222RMFS8,2021-12-02,96.602,96.743,96.084,96.462,400206
SU26222RMFS8,2021-12-03,96.498,96.667,96.1,96.505,180629
SU26222RMFS8,2021-12-06,96.505,96.631,96.299,96.371,782931
SU26222RMFS8,2021-12-07,96.498,96.498,96.168,96.438,21301
SU26222RMFS8,2021-12-08,96.477,96.486,96.23,96.446,898986
SU26222RMFS8,2021-12-09,96.463,96.617,96.254,96.461,18763
SU26222RMFS8,2021-12-10,96.599,96.904,96.243,96.243,95523
SU26222RMFS8,2021-12-13,96.534,96.545,96.202,96.426,54499
SU26222RMFS8,2021-12-14,96.44,96.482,96.111,96.48,23707
SU26222RMFS8,2021-12-15,96.446,96.499,96.148,96.418,55426
SU26222RMFS8,2021-12-16,96.689,96.689,96.283,96.477,135336
SU26222RMFS8,2021-12-17,96.458,96.643,96.282,96.611,247863
SU26222RMFS8,2021-12-20,96.654,97.163,96.48,96.75,221852
SU26222RMFS8,2021-12-21,96.945,97.399,96.507,96.986,927860
SU26222RMFS8,2021-12-22,96.986,97.298,96.813,96.942,3124282
SU26222RMFS8,2021-12-23,97.265,97.751,97.05,97.38,2970706
SU26222RMFS8,2021-12-24,97.38,97.999,97.121,97.427,44301
SU26222RMFS8,2021-12-27,97.302,97.88,97.08,97.35,99318
SU26222RMFS8,2021-12-28,97.478,97.83,97.204,97.398,230814
SU26222RMFS8,2021-12-29,97.397,98.299,97.08,97.26,500178
SU26222RMFS8,2021-12-30,97.58,98.287,97.0,97.914,81709
SU26222RMFS8,2022-01-03,98.15,99.0,97.501,97.848,25188
SU26222RMFS8,2022-01-04,97.898,98.023,97.705,97.901,11912
SU26222RMFS8,2022-01-05,98.024,98.024,97.206,97.515,13559
SU26222RMFS8,2022-01-06,97.516,97.992,97.006,97.3,40205
SU26222RMFS8,2022-01-10,97.3,97.904,96.422,96.645,77325
SU26222RMFS8,2022-01-11,96.985,96.985,96.201,96.428,64918
SU26222RMFS8,2022-01-12,96.844,96.844,96.187,96.301,74906
SU26222RMFS8,2022-01-13,96.204,96.495,95.271,95.5,259459
SU26222RMFS8,2022-01-14,95.896,95.898,94.5,95.14,230197
SU26222RMFS8,2022-01-17,95.942,95.942,94.353,94.75,1148670
SU26222RMFS8,2022-01-18,94.74,95.114,94.25,94.62,921723
SU26222RMFS8,2022-01-19,94.322,95.01,94.322,94.962,139639
SU26222RMFS8,2022-01-20,95.586,95.899,94.68,94.786,593207
SU26222RMFS8,2022-01-21,95.495,95.839,94.3,94.556,123267
SU26222RMFS8,2022-01-24,94.325,95.495,93.71,93.996,1068716
SU26222RMFS8,2022-01-25,94.497,94.497,93.89,94.1,465573
SU26222RMFS8,2022-01-26,94.648,94.648,93.724,93.956,171792
SU26222RMFS8,2022-01-27,93.802,95.195,93.801,94.595,323110
SU26222RMFS8,2022-01-28,94.7,94.881,94.23,94.519,227473
SU26222RMFS8,2022-01-31,94.786,95.5,94.001,94.645,13829
SU26222RMFS8,2022-02-01,94.999,95.38,94.61,94.716,231416
SU26222RMFS8,2022-02-02,94.71,94.91,94.53,94.86,47420
SU26222RMFS8,2022-02-03,94.944,94.945,94.589,94.88,81542
SU26222RMFS8,2022-02-04,94.948,94.971,94.66,94.961,16591
SU26222RMFS8,2022-02-07,95.499,95.499,94.485,94.929,183494
SU26222RMFS8,2022-02-08,95.22,95.22,94.74,94.949,11428
SU26222RMFS8,2022-02-09,95.244,95.244,94.65,94.83,47206
SU26222RMFS8,2022-02-10,95.185,95.185,94.512,94.789,15734
SU26222RMFS8,2022-02-11,94.998,95.422,93.5,93.6,38086
SU26222RMFS8,2022-02-14,94.0,95.383,92.941,93.189,57157
SU26222RMFS8,2022-02-15,93.325,93.925,93.3,93.622,192030
SU26222RMFS8,2022-02-16,93.698,94.138,93.317,93.996,47999
SU26222RMFS8,2022-02-17,93.753,93.994,93.309,93.681,59433
SU26222RMFS8,2022-02-18,93.983,94.499,93.351,93.407,132477
SU26222RMFS8,2022-02-21,93.672,93.768,91.482,91.86,576628
SU26222RMFS8,2022-02-22,91.21,93.386,90.25,91.527,660276
SU26222RMFS8,2022-02-24,91.521,92.899,83.2,85.986,189144
SU26222RMFS8,2022-02-25,87.778,89.456,86.0,88.8,418326
SU26222RMFS8,2022-03-21,79.0,86.0,78.001,83.991,463822
SU26222RMFS8,2022-03-22,84.73,85.375,84.5,85.252,173730
SU26222RMFS8,2022-03-23,85.599,85.609,84.735,85.048,74407
SU26222RMFS8,2022-03-24,85.05,85.452,84.901,85.05,59265
SU26222RMFS8,2022-03-25,85.22,85.3,85.0,85.091,44299
SU26222RMFS8,2022-03-28,85.1,85.376,85.002,85.167,419209
SU26222RMFS8,2022-03-29,85.25,86.37,85.003,86.208,222972
SU26222RMFS8,2022-03-30,86.399,88.8,86.207,88.8,101176
SU26222RMFS8,2022-03-31,90.999,90.999,88.75,89.8,87863
SU26222RMFS8,2022-04-01,89.8,90.0,88.9,89.14,200337
SU26222RMFS8,2022-04-04,89.16,89.979,88.634,88.816,32850
SU26222RMFS8,2022-04-05,89.137,89.5,88.5,89.02,74771
SU26222RMFS8,2022-04-06,89.4,89.4,88.826,89.178,18397
SU26222RMFS8,2022-04-07,89.178,89.963,88.56,89.168,11036
SU26222RMFS8,2022-04-08,89.779,91.499,89.029,91.4,315225
SU26222RMFS8,2022-04-11,91.39,92.497,90.122,91.575,24236
SU26222RMFS8,2022-04-12,92.398,92.399,90.224,91.594,17423
SU26222RMFS8,2022-04-13,91.57,91.974,91.5,91.857,46699
SU26222RMFS8,2022-04-14,92.282,92.282,91.7,91.701,16407
SU26222RMFS8,2022-04-15,92.2,92.233,91.0,91.974,125030
SU26222RMFS8,2022-04-18,91.974,92.7,91.901,92.7,51202
SU26222RMFS8,2022-04-19,92.69,93.649,92.084,93.649,67884
SU26222RMFS8,2022-04-20,93.987,94.3,93.004,93.937,639128
SU26222RMFS8,2022-04-21,94.0,94.498,93.843,93.999,1183795
SU26222RMFS8,2022-04-22,94.0,94.7,93.819,94.0,230133
SU26222RMFS8,2022-04-25,94.0,94.413,93.632,93.798,117705
SU26222RMFS8,2022-04-26,94.0,94.4,93.671,93.899,156639
SU26222RMFS8,2022-04-27,93.821,93.997,93.565,93.85,25348
SU26222RMFS8,2022-04-28,93.88,93.896,93.654,93.799,13051
SU26222RMFS8,2022-04-29,94.049,94.049,93.55,93.741,12826
SU26222RMFS8,2022-05-04,93.8,94.094,93.0,93.45,11386
SU26222RMFS8,2022-05-05,93.201,93.503,93.0,93.151,44201
SU26222RMFS8,2022-05-06,93.599,93.599,93.103,93.41,113909
SU26222RMFS8,2022-05-11,93.2,93.686,93.001,93.49,7482
SU26222RMFS8,2022-05-12,93.0,93.499,93.0,93.485,100382
SU26222RMFS8,2022-05-13,93.319,93.659,93.0,93.658,6062
SU26222RMFS8,2022-05-16,93.401,93.691,93.36,93.459,66483
SU26222RMFS8,2022-05-17,93.504,93.504,93.4,93.45,6855
SU26222RMFS8,2022-05-18,93.445,93.504,93.25,93.449,41851
SU26222RMFS8,2022-05-19,93.489,93.685,93.114,93.44,22420
SU26222RMFS8,2022-05-20,93.3,93.688,93.255,93.428,24761
SU26222RMFS8,2022-05-23,93.111,93.497,93.106,93.399,44318
SU26222RMFS8,2022-05-24,93.488,93.488,93.0,93.15,50438
SU26222RMFS8,2022-05-25,93.15,94.58,93.0,94.413,91099
SU26222RMFS8,2022-05-26,94.5,95.0,94.37,94.692,53487
SU26222RMFS8,2022-05-27,95.508,95.508,94.401,94.53,572711
SU26222RMFS8,2022-05-30,94.74,95.096,93.895,94.509,260447
SU26222RMFS8,2022-05-31,94.5,94.996,94.458,94.699,132191
SU26222RMFS8,2022-06-01,94.969,95.6,94.653,95.5,212018
SU26222RMFS8,2022-06-02,95.9,96.0,95.539,95.621,314337
SU26222RMFS8,2022-06-03,95.621,95.987,95.621,95.978,470729
SU26222RMFS8,2022-06-06,95.99,96.383,95.8,96.149,278931
SU26222RMFS8,2022-06-07,96.5,96.691,96.048,96.161,127612
SU26222RMFS8,2022-06-08,96.199,96.449,96.1,96.271,68156
SU26222RMFS8,2022-06-09,96.498,96.5,96.222,96.373,165558
SU26222RMFS8,2022-06-10,96.7,96.974,96.2,96.259,45277
SU26222RMFS8,2022-06-14,96.046,96.41,96.003,96.265,13159
SU26222RMFS8,2022-06-15,96.265,96.972,96.075,96.304,18649
SU26222RMFS8,2022-06-16,96.355,96.473,96.102,96.449,369125
SU26222RMFS8,2022-06-17,96.978,96.978,96.406,96.528,10874
SU26222RMFS8,2022-06-20,96.528,96.787,96.201,96.413,32990
SU26222RMFS8,2022-06-21,96.68,96.71,96.34,96.582,12717
SU26222RMFS8,2022-06-22,96.581,96.79,96.494,96.629,70834
SU26222RMFS8,2022-06-23,96.889,96.897,96.604,96.801,31714
SU26222RMFS8,2022-06-24,96.73,97.299,96.401,97.109,34127
SU26222RMFS8,2022-06-27,97.12,97.376,97.0,97.3,27296
SU26222RMFS8,2022-06-28,97.3,97.444,96.9,97.301,366325
SU26222RMFS8,2022-06-29,97.122,97.699,97.122,97.35,245821
SU26222RMFS8,2022-06-30,97.301,97.544,97.061,97.1,362716
SU26222RMFS8,2022-07-01,97.464,97.54,96.916,97.199,7612
SU26222RMFS8,2022-07-04,97.198,97.25,96.854,97.2,18779
SU26222RMFS8,2022-07-05,97.002,98.798,96.687,97.115,61274
SU26222RMFS8,2022-07-06,97.12,97.41,97.005,97.199,16610
SU26222RMFS8,2022-07-07,97.199,97.67,96.95,97.5,2070255
SU26222RMFS8,2022-07-08,97.5,98.486,97.5,97.665,75726
SU26222RMFS8,2022-07-11,97.502,98.116,97.502,97.982,42932
SU26222RMFS8,2022-07-12,97.949,98.487,97.6,98.05,8295
SU26222RMFS8,2022-07-13,98.248,98.252,97.861,98.099,15522
SU26222RMFS8,2022-07-14,98.184,98.485,97.672,97.82,55200
SU26222RMFS8,2022-07-15,98.399,98.399,97.649,97.999,6999
SU26222RMFS8,2022-07-18,97.909,98.383,97.8,97.875,36886
SU26222RMFS8,2022-07-19,98.439,98.449,97.652,97.85,77565
SU26222RMFS8,2022-07-20,98.224,98.237,97.623,97.9,44092
SU26222RMFS8,2022-07-21,97.752,98.498,97.621,98.398,451301
SU26222RMFS8,2022-07-22,98.7,99.996,98.255,98.8,123056
SU26222RMFS8,2022-07-25,99.098,99.222,98.798,99.111,139648
SU26222RMFS8,2022-07-26,99.097,99.852,99.032,99.29,228668
SU26222RMFS8,2022-07-27,99.73,99.734,99.15,99.291,210550
SU26222RMFS8,2022-07-28,99.169,99.646,99.16,99.279,13088
SU26222RMFS8,2022-07-29,99.161,99.686,98.932,99.23,538069
SU26222RMFS8,2022-08-01,99.686,99.79,99.15,99.381,38417
SU26222RMFS8,2022-08-02,99.38,99.552,99.16,99.32,182877
SU26222RMFS8,2022-08-03,99.401,99.401,98.999,99.227,37842
SU26222RMFS8,2022-08-04,99.227,99.638,98.97,99.1,124112
SU26222RMFS8,2022-08-05,99.611,99.611,98.932,99.057,16929
SU26222RMFS8,2022-08-08,99.486,99.486,98.72,98.936,345450
SU26222RMFS8,2022-08-09,99.101,99.375,98.751,98.815,17766
SU26222RMFS8,2022-08-10,99.085,99.085,98.801,98.923,16259
SU26222RMFS8,2022-08-11,99.0,99.0,98.801,98.858,17262
SU26222RMFS8,2022-08-12,98.855,98.86,98.544,98.8,8301
SU26222RMFS8,2022-08-15,98.8,99.0,98.703,98.95,16268
SU26222RMFS8,2022-08-16,98.977,99.25,98.7,98.934,6845
SU26222RMFS8,2022-08-17,99.021,99.212,98.7,99.0,86048
SU26222RMFS8,2022-08-18,99.001,99.249,98.7,99.073,9548
SU26222RMFS8,2022-08-19,99.05,99.177,98.801,99.0,8001
SU26222RMFS8,2022-08-22,99.174,99.174,98.628,98.868,44580
SU26222RMFS8,2022-08-23,98.802,98.943,98.419,98.799,6531
SU26222RMFS8,2022-08-24,98.694,98.834,98.694,98.825,5711
SU26222RMFS8,2022-08-25,98.875,99.175,98.65,98.814,89903
SU26222RMFS8,2022-08-26,98.875,99.014,98.714,98.77,20469
SU26222RMFS8,2022-08-29,98.875,98.877,98.707,98.781,147479
SU26222RMFS8,2022-08-30,98.8,98.82,98.4,98.77,11641
SU26222RMFS8,2022-08-31,98.874,98.874,98.41,98.816,218858
SU26222RMFS8,2022-09-01,98.824,98.963,98.682,98.898,36463
SU26222RMFS8,2022-09-02,98.9,98.965,98.801,98.924,16233
SU26222RMFS8,2022-09-05,98.833,99.0,98.833,98.97,50179
SU26222RMFS8,2022-09-06,98.999,99.049,98.7,98.95,145022
SU26222RMFS8,2022-09-07,99.07,99.103,98.907,98.975,6672
SU26222RMFS8,2022-09-08,99.097,99.12,98.709,98.91,127468
SU26222RMFS8,2022-09-09,99.09,99.09,98.824,98.949,13196
SU26222RMFS8,2022-09-12,99.172,99.173,98.837,99.058,320573
SU26222RMFS8,2022-09-13,99.056,99.1,98.903,99.1,26302
SU26222RMFS8,2022-09-14,99.09,99.153,98.862,99.15,33182
SU26222RMFS8,2022-09-15,99.085,99.449,98.912,99.336,39214
SU26222RMFS8,2022-09-16,99.302,99.637,99.0,99.043,31802
SU26222RMFS8,2022-09-19,99.05,99.152,98.436,98.786,12916
SU26222RMFS8,2022-09-20,98.787,98.917,97.99,98.222,93671
SU26222RMFS8,2022-09-21,94.861,97.949,94.861,97.705,998096
SU26222RMFS8,2022-09-22,97.977,98.279,97.705,97.801,127085
SU26222RMFS8,2022-09-23,97.9,97.9,96.51,97.415,365261
SU26222RMFS8,2022-09-26,97.41,97.479,95.491,96.855,49939
SU26222RMFS8,2022-09-27,97.099,97.765,96.855,97.5,335235
SU26222RMFS8,2022-09-28,97.499,97.598,97.236,97.236,176438
SU26222RMFS8,2022-09-29,97.112,97.474,96.5,96.723,164949
SU26222RMFS8,2022-09-30,96.525,96.699,96.3,96.599,328029
SU26222RMFS8,2022-10-03,96.999,97.19,96.506,97.1,245618
SU26222RMFS8,2022-10-04,97.1,97.496,96.564,97.36,108327
SU26222RMFS8,2022-10-05,97.36,97.68,96.85,97.2,259000
SU26222RMFS8,2022-10-06,97.2,97.479,97.078,97.301,90220
SU26222RMFS8,2022-10-07,97.301,97.801,97.22,97.338,23125
SU26222RMFS8,2022-10-10,97.301,97.65,97.092,97.328,9158
SU26222RMFS8,2022-10-11,97.496,97.583,97.201,97.549,10182
SU26222RMFS8,2022-10-12,97.999,97.999,97.352,97.45,27404
SU26222RMFS8,2022-10-13,97.5,97.784,97.353,97.65,18026
SU26222RMFS8,2022-10-14,97.698,97.8,97.401,97.736,1107296
SU26222RMFS8,2022-10-17,97.799,98.28,97.662,97.9,24326
SU26222RMFS8,2022-10-18,97.999,98.466,97.797,97.997,36890
SU26222RMFS8,2022-10-19,98.069,98.464,97.837,98.26,77516
SU26222RMFS8,2022-10-20,98.26,98.464,98.2,98.355,124094
SU26222RMFS8,2022-10-21,98.462,98.6,98.253,98.433,76823
SU26222RMFS8,2022-10-24,98.599,98.682,98.449,98.5,252976
SU26222RMFS8,2022-10-25,98.5,98.543,98.313,98.543,27729
SU26222RMFS8,2022-10-26,98.401,98.527,98.33,98.527,939370
SU26222RMFS8,2022-10-27,98.6,98.799,98.3,98.402,314438
SU26222RMFS8,2022-10-28,98.45,98.49,98.299,98.49,620977
SU26222RMFS8,2022-10-31,98.32,98.49,98.08,98.4,430733
SU26222RMFS8,2022-11-01,98.4,98.531,98.101,98.403,405019
SU26222RMFS8,2022-11-02,98.259,98.45,98.053,98.191,265839
SU26222RMFS8,2022-11-03,98.398,98.4,98.107,98.394,108366
SU26222RMFS8,2022-11-07,98.394,98.542,98.216,98.542,72805
SU26222RMFS8,2022-11-08,98.542,98.586,98.2,98.41,750117
SU26222RMFS8,2022-11-09,98.589,98.589,98.21,98.447,706614
SU26222RMFS8,2022-11-10,98.49,98.5,98.302,98.48,18094
SU26222RMFS8,2022-11-11,98.402,98.597,98.3,98.401,126721
SU26222RMFS8,2022-11-14,98.5,98.5,98.337,98.402,328827
SU26222RMFS8,2022-11-15,98.403,98.549,98.351,98.353,155242
SU26222RMFS8,2022-11-16,98.498,98.6,96.88,98.586,64977
SU26222RMFS8,2022-11-17,98.59,98.75,98.502,98.698,71154
SU26222RMFS8,2022-11-18,98.697,98.729,98.66,98.71,103254
SU26222RMFS8,2022-11-21,98.71,98.75,98.405,98.74,124689
SU26222RMFS8,2022-11-22,98.747,98.75,98.525,98.699,21703
SU26222RMFS8,2022-11-23,98.688,98.75,98.583,98.748,641969
SU26222RMFS8,2022-11-24,98.75,98.8,98.682,98.799,499805
SU26222RMFS8,2022-11-25,98.787,98.9,98.741,98.777,332287
SU26222RMFS8,2022-11-28,98.988,98.988,98.671,98.795,18678
SU26222RMFS8,2022-11-29,98.799,98.91,98.7,98.714,110121
SU26222RMFS8,2022-11-30,98.98,98.98,98.72,98.847,25316
SU26222RMFS8,2022-12-01,98.838,98.85,98.735,98.845,65886
SU26222RMFS8,2022-12-02,98.977,98.979,98.75,98.85,48990
SU26222RMFS8,2022-12-05,98.875,98.945,98.699,98.85,121077
SU26222RMFS8,2022-12-06,98.831,98.91,98.75,98.828,100726
SU26222RMFS8,2022-12-07,99.01,99.138,98.802,98.967,1057643
SU26222RMFS8,2022-12-08,99.134,99.139,98.84,99.064,144180
SU26222RMFS8,2022-12-09,99.139,99.85,98.99,99.151,56667
SU26222RMFS8,2022-12-12,99.151,99.372,99.003,99.201,113170
SU26222RMFS8,2022-12-13,99.15,99.947,99.0,99.625,146056
SU26222RMFS8,2022-12-14,99.624,99.789,99.302,99.77,32470
SU26222RMFS8,2022-12-15,99.621,99.899,99.24,99.451,125417
SU26222RMFS8,2022-12-16,99.498,100.0,99.3,99.4,1013128
SU26222RMFS8,2022-12-19,99.4,99.558,98.81,99.054,785340
SU26222RMFS8,2022-12-20,99.0,99.12,98.751,99.05,39859
SU26222RMFS8,2022-12-21,99.1,99.21,98.899,99.039,194309
SU26222RMFS8,2022-12-22,99.296,99.296,98.729,99.11,55106
SU26222RMFS8,2022-12-23,98.932,99.2,98.923,99.119,117810
SU26222RMFS8,2022-12-26,99.119,99.199,98.729,99.102,111891
SU26222RMFS8,2022-12-27,99.099,99.1,98.742,98.94,50150
SU26222RMFS8,2022-12-28,99.099,99.099,98.68,99.037,91219
SU26222RMFS8,2022-12-29,99.099,99.099,98.9,99.072,103477
SU26222RMFS8,2022-12-30,99.097,99.559,99.04,99.4,35381
SU26222RMFS8,2023-01-03,99.56,99.56,99.207,99.56,8002
SU26222RMFS8,2023-01-04,99.55,99.58,99.317,99.476,10053
SU26222RMFS8,2023-01-05,99.784,99.784,99.392,99.569,6867
SU26222RMFS8,2023-01-06,99.559,99.56,99.3,99.398,9021
SU26222RMFS8,2023-01-09,99.402,99.626,98.991,99.298,46566
SU26222RMFS8,2023-01-10,99.289,99.289,99.002,99.24,17046
SU26222RMFS8,2023-01-11,99.273,99.29,99.01,99.288,262465
SU26222RMFS8,2023-01-12,99.287,99.298,99.1,99.267,16895
SU26222RMFS8,2023-01-13,99.112,99.267,98.88,99.266,820161
SU26222RMFS8,2023-01-16,99.22,99.3,99.107,99.3,132122
SU26222RMFS8,2023-01-17,99.164,99.394,99.151,99.276,124642
SU26222RMFS8,2023-01-18,99.3,99.375,99.15,99.299,56222
SU26222RMFS8,2023-01-19,99.296,99.349,99.148,99.218,59845
SU26222RMFS8,2023-01-20,99.3,99.3,99.1,99.266,160709
SU26222RMFS8,2023-01-23,99.26,99.26,99.11,99.22,27433
SU26222RMFS8,2023-01-24,99.249,99.25,99.0,99.116,30489
SU26222RMFS8,2023-01-25,99.2,99.2,99.0,99.154,22728
SU26222RMFS8,2023-01-26,99.188,99.35,99.148,99.35,43737
SU26222RMFS8,2023-01-27,99.217,99.35,99.201,99.34,41835
SU26222RMFS8,2023-01-30,99.275,99.348,99.17,99.348,35730
SU26222RMFS8,2023-01-31,99.348,99.44,99.218,99.399,48060
SU26222RMFS8,2023-02-01,99.251,99.35,99.15,99.325,51406
SU26222RMFS8,2023-02-02,99.347,99.389,99.154,99.251,39196
SU26222RMFS8,2023-02-03,99.15,99.349,99.13,99.25,13695
SU26222RMFS8,2023-02-06,99.251,99.349,99.051,99.286,43449
SU26222RMFS8,2023-02-07,99.248,99.281,99.077,99.191,30582
SU26222RMFS8,2023-02-08,99.191,99.2,99.021,99.17,38788
SU26222RMFS8,2023-02-09,99.15,99.186,98.994,99.096,16559
SU26222RMFS8,2023-02-10,99.17,99.198,98.903,99.095,62007
SU26222RMFS8,2023-02-13,99.05,99.128,98.041,98.534,1050541
SU26222RMFS8,2023-02-14,98.698,98.865,98.441,98.627,402584
SU26222RMFS8,2023-02-15,98.627,98.627,98.25,98.455,217784
SU26222RMFS8,2023-02-16,98.615,98.615,98.25,98.492,77148
SU26222RMFS8,2023-02-17,98.492,98.599,98.33,98.573,77006
SU26222RMFS8,2023-02-20,98.573,98.67,98.49,98.579,148466
SU26222RMFS8,2023-02-21,98.578,98.642,98.41,98.635,225660
SU26222RMFS8,2023-02-22,98.637,98.997,98.524,98.632,704232
SU26222RMFS8,2023-02-24,98.636,98.8,98.55,98.625,4583
SU26222RMFS8,2023-02-27,98.744,98.85,98.55,98.79,37052
SU26222RMFS8,2023-02-28,98.79,98.999,98.103,98.605,96001
SU26222RMFS8,2023-03-01,98.605,98.84,98.301,98.84,47803
SU26222RMFS8,2023-03-02,98.839,98.893,98.622,98.805,66309
SU26222RMFS8,2023-03-03,98.805,98.805,98.621,98.8,26693
SU26222RMFS8,2023-03-06,98.799,98.9,98.659,98.889,222029
SU26222RMFS8,2023-03-07,98.949,98.949,98.623,98.75,417386
SU26222RMFS8,2023-03-09,98.847,98.847,98.7,98.72,6485
SU26222RMFS8,2023-03-10,98.8,98.8,98.65,98.8,56061
SU26222RMFS8,2023-03-13,98.8,98.8,98.515,98.648,680882
SU26222RMFS8,2023-03-14,98.639,98.648,98.471,98.64,630458
SU26222RMFS8,2023-03-15,98.64,98.641,98.313,98.6,97323
SU26222RMFS8,2023-03-16,98.55,98.635,98.424,98.61,22988
SU26222RMFS8,2023-03-17,98.531,98.65,98.452,98.606,111392
SU26222RMFS8,2023-03-20,98.6,98.776,98.431,98.704,251760
SU26222RMFS8,2023-03-21,98.513,98.7,98.455,98.637,46347
SU26222RMFS8,2023-03-22,98.697,98.714,98.53,98.7,29389
SU26222RMFS8,2023-03-23,98.698,98.71,98.55,98.698,24173
SU26222RMFS8,2023-03-24,98.7,98.7,98.53,98.666,184403
SU26222RMFS8,2023-03-27,98.6,98.675,98.57,98.6,90740
SU26222RMFS8,2023-03-28,98.591,98.9,98.53,98.697,47849
SU26222RMFS8,2023-03-29,98.685,98.769,98.581,98.629,27986
SU26222RMFS8,2023-03-30,98.7,98.765,98.603,98.697,56401
SU26222RMFS8,2023-03-31,98.7,98.78,98.6,98.78,17314
SU26222RMFS8,2023-04-03,98.76,98.888,98.6,98.754,107171
SU26222RMFS8,2023-04-04,98.8,98.8,98.534,98.727,106722
SU26222RMFS8,2023-04-05,98.727,98.799,98.61,98.796,103848
SU26222RMFS8,2023-04-06,98.789,98.798,98.632,98.798,62238
SU26222RMFS8,2023-04-07,98.799,98.885,98.636,98.849,639261
SU26222RMFS8,2023-04-10,98.752,98.95,98.678,98.95,137517
SU26222RMFS8,2023-04-11,98.9,98.99,98.781,98.978,34458
SU26222RMFS8,2023-04-12,98.979,98.995,98.829,98.969,30769
SU26222RMFS8,2023-04-13,98.995,98.995,98.81,98.951,30198
SU26222RMFS8,2023-04-14,98.988,98.99,98.8,98.99,84512
SU26222RMFS8,2023-04-17,98.949,99.491,98.806,99.328,79417
SU26222RMFS8,2023-04-18,99.3,99.357,99.0,99.248,145424
SU26222RMFS8,2023-04-19,99.24,99.42,98.928,99.417,157193
SU26222RMFS8,2023-04-20,99.416,99.499,99.16,99.374,48869
SU26222RMFS8,2023-04-21,99.339,99.5,99.135,99.346,37430
SU26222RMFS8,2023-04-24,99.339,99.34,99.05,99.25,40071
SU26222RMFS8,2023-04-25,99.25,99.336,99.158,99.326,45681
SU26222RMFS8,2023-04-26,99.22,99.419,99.001,99.372,48694
SU26222RMFS8,2023-04-27,99.414,99.414,99.206,99.369,72783
SU26222RMFS8,2023-04-28,99.35,99.356,99.215,99.354,15523
SU26222RMFS8,2023-05-02,99.355,99.471,99.233,99.395,58123
SU26222RMFS8,2023-05-03,99.389,99.39,99.202,99.28,23645
SU26222RMFS8,2023-05-04,99.201,99.439,99.201,99.4,23292
SU26222RMFS8,2023-05-05,99.4,99.444,99.104,99.285,38406
SU26222RMFS8,2023-05-08,99.376,99.489,99.186,99.416,10220
SU26222RMFS8,2023-05-10,99.241,99.416,99.21,99.307,49169
SU26222RMFS8,2023-05-11,99.329,99.461,99.2,99.419,177258
SU26222RMFS8,2023-05-12,99.45,99.487,99.257,99.485,165047
SU26222RMFS8,2023-05-15,99.49,99.52,99.159,99.261,34771
SU26222RMFS8,2023-05-16,99.164,99.279,99.111,99.244,97070
SU26222RMFS8,2023-05-17,99.2,99.246,99.104,99.235,354743
SU26222RMFS8,2023-05-18,99.19,99.226,99.119,99.188,24468
SU26222RMFS8,2023-05-19,99.2,99.2,99.1,99.124,23775
SU26222RMFS8,2023-05-22,99.199,99.2,99.021,99.193,40700
SU26222RMFS8,2023-05-23,99.194,99.194,99.056,99.08,71278
SU26222RMFS8,2023-05-24,99.149,99.197,99.065,99.196,45791
SU26222RMFS8,2023-05-25,99.196,99.219,99.102,99.188,113087
SU26222RMFS8,2023-05-26,99.188,99.3,99.0,99.162,1096932
SU26222RMFS8,2023-05-29,99.164,99.329,99.061,99.152,50041
SU26222RMFS8,2023-05-30,99.219,99.219,99.02,99.145,30532
SU26222RMFS8,2023-05-31,99.159,99.191,99.05,99.191,29029
SU26222RMFS8,2023-06-01,99.194,99.226,99.05,99.2,44265
SU26222RMFS8,2023-06-02,99.131,99.21,99.052,99.115,248034
SU26222RMFS8,2023-06-05,99.115,99.115,99.006,99.041,47382
SU26222RMFS8,2023-06-06,99.042,99.305,99.004,99.114,522185
SU26222RMFS8,2023-06-07,99.113,99.19,99.05,99.186,299879
SU26222RMFS8,2023-06-08,99.15,99.186,99.06,99.1,57639
SU26222RMFS8,2023-06-09,99.096,99.18,98.95,99.101,683075
SU26222RMFS8,2023-06-13,99.095,99.101,98.902,99.049,72408
SU26222RMFS8,2023-06-14,99.0,99.075,98.702,98.916,156809
SU26222RMFS8,2023-06-15,98.8,98.915,98.71,98.914,130844
SU26222RMFS8,2023-06-16,98.919,98.991,98.782,98.817,699133
SU26222RMFS8,2023-06-19,98.8,98.885,98.724,98.85,67764
SU26222RMFS8,2023-06-20,98.883,98.901,98.75,98.883,175253
SU26222RMFS8,2023-06-21,98.889,98.889,98.75,98.888,361334
SU26222RMFS8,2023-06-22,98.85,98.89,98.77,98.878,76007
SU26222RMFS8,2023-06-23,98.831,98.89,98.753,98.755,72788
SU26222RMFS8,2023-06-26,98.755,98.878,98.631,98.798,63342
SU26222RMFS8,2023-06-27,98.818,98.89,98.71,98.89,64818
SU26222RMFS8,2023-06-28,98.89,98.9,98.73,98.791,47075
SU26222RMFS8,2023-06-29,98.852,98.89,98.751,98.84,88250
SU26222RMFS8,2023-06-30,98.89,98.89,98.732,98.887,228125
SU26222RMFS8,2023-07-03,98.89,98.969,98.74,98.829,76361
SU26222RMFS8,2023-07-04,98.766,98.9,98.753,98.807,117597
SU26222RMFS8,2023-07-05,98.9,98.966,98.78,98.853,39659
SU26222RMFS8,2023-07-06,98.897,98.945,98.78,98.831,503836
SU26222RMFS8,2023-07-07,98.896,98.896,98.74,98.85,518508
SU26222RMFS8,2023-07-10,98.899,98.899,98.741,98.86,46747
SU26222RMFS8,2023-07-11,98.892,98.895,98.698,98.82,297902
SU26222RMFS8,2023-07-12,98.85,98.877,98.702,98.85,103713
SU26222RMFS8,2023-07-13,98.849,98.879,98.69,98.84,13727
SU26222RMFS8,2023-07-14,98.87,98.87,98.612,98.795,49603
SU26222RMFS8,2023-07-17,98.794,98.794,98.321,98.49,98829
SU26222RMFS8,2023-07-18,98.5,98.79,98.356,98.501,446228
SU26222RMFS8,2023-07-19,98.5,98.55,98.375,98.5,58284
SU26222RMFS8,2023-07-20,98.52,98.637,98.371,98.5,64878
SU26222RMFS8,2023-07-21,98.599,98.675,98.242,98.532,182398
SU26222RMFS8,2023-07-24,98.532,98.55,98.257,98.49,159272
SU26222RMFS8,2023-07-25,98.53,98.549,98.41,98.533,33040
SU26222RMFS8,2023-07-26,98.55,98.55,98.42,98.512,29410
SU26222RMFS8,2023-07-27,98.547,98.547,98.307,98.355,135801
SU26222RMFS8,2023-07-28,98.399,98.4,98.102,98.294,451148
SU26222RMFS8,2023-07-31,98.295,98.378,97.876,98.291,153282
SU26222RMFS8,2023-08-01,98.288,98.289,98.02,98.111,178326
SU26222RMFS8,2023-08-02,98.11,98.2,98.011,98.193,613417
SU26222RMFS8,2023-08-03,98.198,98.198,97.852,98.01,442911
SU26222RMFS8,2023-08-04,98.008,98.009,97.703,97.91,299977
SU26222RMFS8,2023-08-07,97.91,98.02,97.8,98.02,184338
SU26222RMFS8,2023-08-08,98.037,98.037,97.602,97.75,457560
SU26222RMFS8,2023-08-09,97.749,97.907,97.399,97.665,201583
SU26222RMFS8,2023-08-10,97.848,97.85,97.354,97.51,201597
SU26222RMFS8,2023-08-11,97.602,97.603,97.333,97.48,328433
SU26222RMFS8,2023-08-14,97.48,97.497,96.6,96.729,483519
SU26222RMFS8,2023-08-15,96.728,97.0,95.985,96.58,317832
SU26222RMFS8,2023-08-16,96.878,96.989,96.2,96.521,637569
SU26222RMFS8,2023-08-17,96.521,97.38,96.48,97.214,1111763
SU26222RMFS8,2023-08-18,97.215,97.379,96.64,97.099,492805
SU26222RMFS8,2023-08-21,97.287,97.287,96.795,97.03,1016780
SU26222RMFS8,2023-08-22,97.039,97.169,96.855,96.907,132267
SU26222RMFS8,2023-08-23,96.98,97.182,96.723,96.92,832644
SU26222RMFS8,2023-08-24,96.98,96.98,96.71,96.869,60884
SU26222RMFS8,2023-08-25,96.88,96.9,96.65,96.824,170070
SU26222RMFS8,2023-08-28,96.8,96.969,96.641,96.806,101976
SU26222RMFS8,2023-08-29,96.799,96.876,96.502,96.734,125001
SU26222RMFS8,2023-08-30,96.808,96.808,96.529,96.7,761269
SU26222RMFS8,2023-08-31,96.798,96.8,96.553,96.704,111516
SU26222RMFS8,2023-09-01,96.704,96.79,96.48,96.72,141014
SU26222RMFS8,2023-09-04,96.601,96.727,96.329,96.58,701479
SU26222RMFS8,2023-09-05,96.58,96.581,96.17,96.351,217528
SU26222RMFS8,2023-09-06,96.496,96.496,95.675,95.867,321571
SU26222RMFS8,2023-09-07,95.885,96.0,95.2,95.67,200852
SU26222RMFS8,2023-09-08,95.68,95.998,95.23,95.453,397620
SU26222RMFS8,2023-09-11,95.589,95.6,95.2,95.479,122400
SU26222RMFS8,2023-09-12,95.5,96.195,95.5,95.963,228250
SU26222RMFS8,2023-09-13,96.0,96.0,95.54,95.725,59129
SU26222RMFS8,2023-09-14,95.839,95.839,95.445,95.503,142151
SU26222RMFS8,2023-09-15,95.746,95.866,95.1,95.798,623430
SU26222RMFS8,2023-09-18,95.798,95.859,95.151,95.6,1311865
SU26222RMFS8,2023-09-19,95.6,96.198,95.337,95.587,641962
SU26222RMFS8,2023-09-20,95.742,95.84,95.25,95.595,265697
SU26222RMFS8,2023-09-21,95.784,95.785,95.311,95.461,141317
SU26222RMFS8,2023-09-22,95.685,95.685,95.22,95.36,247119
SU26222RMFS8,2023-09-25,95.595,95.595,95.21,95.3,590432
SU26222RMFS8,2023-09-26,95.388,95.544,95.204,95.436,3097215
SU26222RMFS8,2023-09-27,95.44,95.497,95.149,95.384,1211733
SU26222RMFS8,2023-09-28,95.394,95.394,95.18,95.251,866068
SU26222RMFS8,2023-09-29,95.321,95.321,95.12,95.24,1223123
SU26222RMFS8,2023-10-02,95.249,95.323,95.05,95.247,337115
SU26222RMFS8,2023-10-03,95.295,95.295,95.1,95.259,96671
SU26222RMFS8,2023-10-04,95.293,95.326,94.88,95.079,1297200
SU26222RMFS8,2023-10-05,95.196,95.248,94.94,95.15,1997875
SU26222RMFS8,2023-10-06,95.15,95.23,95.0,95.16,3372479
SU26222RMFS8,2023-10-09,95.16,95.28,95.051,95.203,616342
SU26222RMFS8,2023-10-10,95.249,95.352,95.114,95.3,4374016
SU26222RMFS8,2023-10-11,95.25,95.571,95.203,95.57,1040114
SU26222RMFS8,2023-10-12,95.736,95.737,95.397,95.5,796250
SU26222RMFS8,2023-10-13,95.5,95.682,95.5,95.629,794265
SU26222RMFS8,2023-10-16,95.7,95.784,95.251,95.739,840439
SU26222RMFS8,2023-10-17,95.963,95.963,95.739,95.899,944962
SU26222RMFS8,2023-10-18,95.898,95.999,95.754,95.949,258343
SU26222RMFS8,2023-10-19,95.94,95.95,95.731,95.85,4299119
SU26222RMFS8,2023-10-20,95.85,95.85,95.7,95.849,1457366
SU26222RMFS8,2023-10-23,95.889,95.89,95.645,95.79,488746
SU26222RMFS8,2023-10-24,95.8,95.806,95.65,95.731,725826
SU26222RMFS8,2023-10-25,95.731,95.801,95.682,95.779,358090
SU26222RMFS8,2023-10-26,95.779,95.8,95.643,95.69,2269607
SU26222RMFS8,2023-10-27,95.749,95.749,94.697,95.075,660938
SU26222RMFS8,2023-10-30,95.076,95.268,94.8,95.17,1190649
SU26222RMFS8,2023-10-31,95.197,95.374,94.941,95.3,334520
SU26222RMFS8,2023-11-01,95.301,95.562,95.218,95.495,279374
SU26222RMFS8,2023-11-02,95.779,95.779,95.387,95.586,81136
SU26222RMFS8,2023-11-03,95.599,95.97,95.241,95.97,164684
SU26222RMFS8,2023-11-06,96.397,96.397,95.854,96.08,95689
SU26222RMFS8,2023-11-07,96.113,96.115,95.7,96.01,637429
SU26222RMFS8,2023-11-08,96.08,96.1,95.7,95.932,1915767
SU26222RMFS8,2023-11-09,96.094,96.2,95.777,96.192,1123409
SU26222RMFS8,2023-11-10,96.2,96.308,96.076,96.258,1313693
SU26222RMFS8,2023-11-13,96.289,96.441,96.077,96.312,1500237
SU26222RMFS8,2023-11-14,96.348,96.664,96.051,96.277,2216059
SU26222RMFS8,2023-11-15,96.301,96.499,96.1,96.247,243648
SU26222RMFS8,2023-11-16,96.102,96.599,96.042,96.344,1288454
SU26222RMFS8,2023-11-17,96.14,96.796,96.1,96.3,436098
SU26222RMFS8,2023-11-20,96.4,96.498,96.203,96.498,104520
SU26222RMFS8,2023-11-21,96.264,96.6,96.264,96.6,228402
SU26222RMFS8,2023-11-22,96.6,96.7,96.472,96.536,2076675
SU26222RMFS8,2023-11-23,96.555,96.767,96.4,96.697,1846021
SU26222RMFS8,2023-11-24,96.697,96.718,96.501,96.639,289636
SU26222RMFS8,2023-11-27,96.639,96.769,96.486,96.7,201458
SU26222RMFS8,2023-11-28,96.404,96.766,96.371,96.494,87807
SU26222RMFS8,2023-11-29,96.494,96.798,96.203,96.662,167786
SU26222RMFS8,2023-11-30,96.6,96.77,96.431,96.597,416423
SU26222RMFS8,2023-12-01,96.595,96.699,95.649,95.932,425482
SU26222RMFS8,2023-12-04,96.59,96.594,95.45,95.91,222712
SU26222RMFS8,2023-12-05,96.013,96.449,95.75,96.2,4325664
SU26222RMFS8,2023-12-06,95.998,96.359,95.649,96.108,1348135
SU26222RMFS8,2023-12-07,96.108,96.391,96.001,96.152,333624
SU26222RMFS8,2023-12-08,96.152,96.492,96.101,96.392,415048
SU26222RMFS8,2023-12-11,96.495,96.576,95.3,96.16,1365657
SU26222RMFS8,2023-12-12,95.85,96.39,95.8,96.213,1140126
SU26222RMFS8,2023-12-13,96.201,96.375,95.804,96.055,1028819
SU26222RMFS8,2023-12-14,96.129,96.35,96.001,96.124,1385021
SU26222RMFS8,2023-12-15,96.124,96.491,95.741,96.361,439501
SU26222RMFS8,2023-12-18,95.952,96.576,95.72,96.222,347557
SU26222RMFS8,2023-12-19,96.529,96.529,96.102,96.41,197394
SU26222RMFS8,2023-12-20,96.5,96.55,96.23,96.423,900748
SU26222RMFS8,2023-12-21,96.424,96.76,96.309,96.591,1535548
SU26222RMFS8,2023-12-22,96.591,96.699,96.5,96.699,117897
SU26222RMFS8,2023-12-25,96.68,96.76,96.355,96.75,365714
SU26222RMFS8,2023-12-26,96.739,96.804,96.37,96.79,484277
SU26222RMFS8,2023-12-27,96.79,96.992,96.44,96.8,259966
SU26222RMFS8,2023-12-28,96.987,96.995,96.576,96.8,140726
SU26222RMFS8,2023-12-29,96.994,96.994,95.5,96.592,600864
