{
"meta":{"test_sets":[],"test_metrics":[],"learn_metrics":[{"best_value":"Min","name":"RMSE"}],"launch_mode":"Train","parameters":"","iteration_count":1000,"learn_sets":["learn"],"name":"experiment"},
"iterations":[
{"learn":[4.09874882],"iteration":0,"passed_time":0.03010840297,"remaining_time":30.07829457},
{"learn":[4.065615083],"iteration":1,"passed_time":0.05834174355,"remaining_time":29.11253003},
{"learn":[4.034273101],"iteration":2,"passed_time":0.08665803797,"remaining_time":28.79935462},
{"learn":[4.002084445],"iteration":3,"passed_time":0.1230749581,"remaining_time":30.64566458},
{"learn":[3.970849329],"iteration":4,"passed_time":0.1547319692,"remaining_time":30.79166186},
{"learn":[3.941195745],"iteration":5,"passed_time":0.1835474553,"remaining_time":30.4076951},
{"learn":[3.908487207],"iteration":6,"passed_time":0.2114153398,"remaining_time":29.99077607},
{"learn":[3.879258908],"iteration":7,"passed_time":0.2410701931,"remaining_time":29.89270394},
{"learn":[3.850244032],"iteration":8,"passed_time":0.269311534,"remaining_time":29.65419224},
{"learn":[3.819937295],"iteration":9,"passed_time":0.2982923376,"remaining_time":29.53094142},
{"learn":[3.790391877],"iteration":10,"passed_time":0.3265698103,"remaining_time":29.36159476},
{"learn":[3.761325276],"iteration":11,"passed_time":0.3584808627,"remaining_time":29.51492436},
{"learn":[3.731822396],"iteration":12,"passed_time":0.389503656,"remaining_time":29.57231604},
{"learn":[3.701883681],"iteration":13,"passed_time":0.4187865929,"remaining_time":29.49454147},
{"learn":[3.672964447],"iteration":14,"passed_time":0.4383298116,"remaining_time":28.78365763},
{"learn":[3.645747835],"iteration":15,"passed_time":0.4667412801,"remaining_time":28.70458872},
{"learn":[3.616818936],"iteration":16,"passed_time":0.4950803253,"remaining_time":28.62729175},
{"learn":[3.588738365],"iteration":17,"passed_time":0.5230609348,"remaining_time":28.53587989},
{"learn":[3.55963937],"iteration":18,"passed_time":0.5510024127,"remaining_time":28.44912457},
{"learn":[3.530377776],"iteration":19,"passed_time":0.5791178179,"remaining_time":28.37677308},
{"learn":[3.504158871],"iteration":20,"passed_time":0.6076850332,"remaining_time":28.3296975},
{"learn":[3.478208687],"iteration":21,"passed_time":0.6408335697,"remaining_time":28.48796505},
{"learn":[3.449967028],"iteration":22,"passed_time":0.6755294645,"remaining_time":28.69531682},
{"learn":[3.424695084],"iteration":23,"passed_time":0.7040565881,"remaining_time":28.63163458},
{"learn":[3.397541158],"iteration":24,"passed_time":0.7322224857,"remaining_time":28.55667694},
{"learn":[3.370733828],"iteration":25,"passed_time":0.7602222659,"remaining_time":28.47909565},
{"learn":[3.344911721],"iteration":26,"passed_time":0.7945714654,"remaining_time":28.63400133},
{"learn":[3.318451033],"iteration":27,"passed_time":0.8331230492,"remaining_time":28.92127156},
{"learn":[3.292439059],"iteration":28,"passed_time":0.8724392469,"remaining_time":29.21167272},
{"learn":[3.266480692],"iteration":29,"passed_time":0.906104016,"remaining_time":29.29736318},
{"learn":[3.243724626],"iteration":30,"passed_time":0.94033284,"remaining_time":29.39298458},
{"learn":[3.219440492],"iteration":31,"passed_time":0.9795114513,"remaining_time":29.6302214},
{"learn":[3.193932637],"iteration":32,"passed_time":1.011160582,"remaining_time":29.63006918},
{"learn":[3.170150693],"iteration":33,"passed_time":1.039431464,"remaining_time":29.53208219},
{"learn":[3.145418938],"iteration":34,"passed_time":1.068669579,"remaining_time":29.46474697},
{"learn":[3.120804838],"iteration":35,"passed_time":1.102615091,"remaining_time":29.52558187},
{"learn":[3.097706895],"iteration":36,"passed_time":1.130803179,"remaining_time":29.4314449},
{"learn":[3.076116311],"iteration":37,"passed_time":1.158926305,"remaining_time":29.33913434},
{"learn":[3.052162431],"iteration":38,"passed_time":1.187101503,"remaining_time":29.25139857},
{"learn":[3.028831192],"iteration":39,"passed_time":1.214996858,"remaining_time":29.1599246},
{"learn":[3.006933683],"iteration":40,"passed_time":1.243235149,"remaining_time":29.07957337},
{"learn":[2.985530516],"iteration":41,"passed_time":1.271659648,"remaining_time":29.00595103},
{"learn":[2.96231793],"iteration":42,"passed_time":1.299749083,"remaining_time":28.92697377},
{"learn":[2.93849562],"iteration":43,"passed_time":1.332210199,"remaining_time":28.94529433},
{"learn":[2.916585594],"iteration":44,"passed_time":1.362374105,"remaining_time":28.912606},
{"learn":[2.894633803],"iteration":45,"passed_time":1.390434318,"remaining_time":28.83639867},
{"learn":[2.874179519],"iteration":46,"passed_time":1.426329385,"remaining_time":28.92110433},
{"learn":[2.851801167],"iteration":47,"passed_time":1.454809426,"remaining_time":28.85372028},
{"learn":[2.829193971],"iteration":48,"passed_time":1.483036486,"remaining_time":28.78301425},
{"learn":[2.807649092],"iteration":49,"passed_time":1.511326899,"remaining_time":28.71521109},
{"learn":[2.786406307],"iteration":50,"passed_time":1.539314579,"remaining_time":28.64332423},
{"learn":[2.76388161],"iteration":51,"passed_time":1.567758959,"remaining_time":28.58145179},
{"learn":[2.743840533],"iteration":52,"passed_time":1.5957751,"remaining_time":28.51318905},
{"learn":[2.723950006],"iteration":53,"passed_time":1.632907502,"remaining_time":28.60612031},
{"learn":[2.703792024],"iteration":54,"passed_time":1.668766108,"remaining_time":28.67243585},
{"learn":[2.685570854],"iteration":55,"passed_time":1.697419936,"remaining_time":28.61365036},
{"learn":[2.664015542],"iteration":56,"passed_time":1.725466919,"remaining_time":28.54588254},
{"learn":[2.643028691],"iteration":57,"passed_time":1.753644297,"remaining_time":28.4816022},
{"learn":[2.622159824],"iteration":58,"passed_time":1.781893529,"remaining_time":28.4196917},
{"learn":[2.602761876],"iteration":59,"passed_time":1.813944027,"remaining_time":28.41845642},
{"learn":[2.5852048],"iteration":60,"passed_time":1.853923714,"remaining_time":28.53826832},
{"learn":[2.567006866],"iteration":61,"passed_time":1.893811427,"remaining_time":28.65153416},
{"learn":[2.54730003],"iteration":62,"passed_time":1.936120996,"remaining_time":28.7959583},
{"learn":[2.528947481],"iteration":63,"passed_time":1.977963514,"remaining_time":28.92771639},
{"learn":[2.509691325],"iteration":64,"passed_time":2.018000664,"remaining_time":29.02816339},
{"learn":[2.491845339],"iteration":65,"passed_time":2.05774178,"remaining_time":29.12016397},
{"learn":[2.472763553],"iteration":66,"passed_time":2.098429057,"remaining_time":29.22140762},
{"learn":[2.453090855],"iteration":67,"passed_time":2.138134872,"remaining_time":29.30502501},
{"learn":[2.434110033],"iteration":68,"passed_time":2.1776974,"remaining_time":29.38313449},
{"learn":[2.416445887],"iteration":69,"passed_time":2.217218817,"remaining_time":29.45733571},
{"learn":[2.398633407],"iteration":70,"passed_time":2.254808529,"remaining_time":29.50305807},
{"learn":[2.380325583],"iteration":71,"passed_time":2.294454451,"remaining_time":29.57296847},
{"learn":[2.362741495],"iteration":72,"passed_time":2.334604575,"remaining_time":29.64628001},
{"learn":[2.344448784],"iteration":73,"passed_time":2.374413974,"remaining_time":29.71226135},
{"learn":[2.326964912],"iteration":74,"passed_time":2.406534495,"remaining_time":29.68059211},
{"learn":[2.309330616],"iteration":75,"passed_time":2.438835255,"remaining_time":29.65110231},
{"learn":[2.292946005],"iteration":76,"passed_time":2.46809594,"remaining_time":29.58509809},
{"learn":[2.276148708],"iteration":77,"passed_time":2.497201459,"remaining_time":29.51820187},
{"learn":[2.262018465],"iteration":78,"passed_time":2.531752867,"remaining_time":29.51575178},
{"learn":[2.245357526],"iteration":79,"passed_time":2.560237879,"remaining_time":29.44273561},
{"learn":[2.228647884],"iteration":80,"passed_time":2.588271091,"remaining_time":29.36569299},
{"learn":[2.211320071],"iteration":81,"passed_time":2.628667676,"remaining_time":29.4282552},
{"learn":[2.194581405],"iteration":82,"passed_time":2.659212468,"remaining_time":29.37949197},
{"learn":[2.178005586],"iteration":83,"passed_time":2.68793214,"remaining_time":29.31126},
{"learn":[2.161769404],"iteration":84,"passed_time":2.716203472,"remaining_time":29.23913149},
{"learn":[2.145830718],"iteration":85,"passed_time":2.744547088,"remaining_time":29.16879114},
{"learn":[2.130532906],"iteration":86,"passed_time":2.773161025,"remaining_time":29.10225306},
{"learn":[2.114754905],"iteration":87,"passed_time":2.804090524,"remaining_time":29.06057452}
]}