[{"id":"fec26113-6116-4ecc-9688-65adabb8628e","path":"/20240604-190517/РМ - проект - котировки облигации/SU26218RMFS6_20200101_20240101.csv"},{"id":"4a2f8ee4-58a8-4494-97ee-ef94a9884ef0","path":"/20240604-190517/РМ - проект - котировки облигации/SU26222RMFS8_200101_240101.csv"},{"id":"af3bd526-578b-4e0e-b58b-1b1430acabfc","path":"/20240604-190517/РМ - проект - котировки облигации/SU26236RMFS8_200101_240101.csv"},{"id":"9b973957-fe63-4229-ae99-0a09f77e1f7a","path":"/20240604-190517/РМ - проект - котировки облигации/"},{"id":"a590e35c-6d7c-4bf3-8fc6-bd3da31087a5","path":"/./РМ - проект - котировки облигации"},{"id":"81db5b27-6d2f-48fc-897c-8fd57924702d","path":"/РМ - проект - котировки облигации/SU26219RMFS4_200101_240101.csv"},{"id":"272f1306-4e73-4630-a750-16a76c85d223","path":"/РМ - проект - котировки облигации/SU26222RMFS8_200101_240101.csv"},{"id":"d0e2ec91-8c4b-4015-8fd7-33f6fc7e9507","path":"/loans_ind.xlsx"},{"id":"05f95fdb-82d6-446a-9b05-dbeceb6259b8","path":"/loan_percent.xlsx"},{"id":"0aaa9c8b-3b24-44b0-98d2-4da3377f3693","path":"/РМ - проект - котировки облигации/SU26218RMFS6_20200101_20240101.csv"},{"id":"e18fcaab-e481-4da6-80b5-6ff0077f28bb","path":"/20240604-191612/IMOEX.ME (в рублях).csv"},{"id":"b07569ce-0481-4dd1-875a-ccdcfd60ae6e","path":"/20240604-191612/Прошлые данные - EUR_RUB.csv"},{"id":"9c1ef40b-a14e-4639-b04e-24c7bf4e024d","path":"/20240604-191612/Прошлые данные - Индекс РТС (в долларах).csv"},{"id":"c8ca4618-47f7-45d9-8eab-6e6ce9406ce2","path":"/котировки акций.csv"},{"id":"35f8b5b3-347d-41ca-8f94-7e11047aec8f","path":"/BRENT_24_MAY_CLOSE_SEP_23.csv"},{"id":"8a8c2aca-e57d-4e7d-aaa4-1fde1e4a3e6d","path":"/zcyc_range_calculator.csv"},{"id":"04626505-7db7-40f6-88dc-a9dfb286d879","path":"/Moex RTS brent.csv"},{"id":"96f0fac9-2e82-4331-be05-55dab18c527d","path":"/zcyc_range_calculator-20240606-190003.csv"},{"id":"ae50d67c-36c4-4236-aae2-f7e7bf46e677","path":"/output.csv"},{"id":"f0a028f8-db7d-48d3-ab25-111dfb37d0b5","path":"/РМ - проект - котировки облигации/SU26218RMFS6_20200101_20240101-20240604-211222.csv"},{"id":"cc677226-c30c-4db9-a99f-f06c9575074c","path":"/РМ - проект - котировки облигации/SU26236RMFS8_200101_240101.csv"},{"id":"a1e1d0ed-e991-4b28-b34f-548852f2663f","path":"/РМ - проект - котировки облигации/SU26243RMFS4_200101_240101.csv"},{"id":"4cbef38e-d28e-4f54-b120-aa3d42965d5a","path":"/20240609-141533/данные пункт е fixed/"},{"id":"7d1b94f7-534f-492a-a2cf-f3013445669b","path":"/20240609-141533//данные пункт е fixed"},{"id":"d62490eb-fe0d-4d9d-8e58-53524ddd5338","path":"/./данные пункт е fixed"},{"id":"3f6f36cd-3a2f-42ec-9137-91b9c9558f0d","path":"/данные пункт е fixed/IMOEX.ME (в рублях).csv"},{"id":"8e6a6393-7b6c-422f-8e40-cbf866333f27","path":"/данные пункт е fixed/.DS_Store"},{"id":"286e8826-9e28-4966-b3fe-c1ffe8c52320","path":"/кривая безкупонной доходности (2).csv"},{"id":"40ad7315-28a9-442f-a7b0-afe734f8e163","path":"/кривая безкупонной доходности.csv"},{"id":"14c644af-baca-4132-adb8-0c4a117df171","path":"/merged.csv"},{"id":"85d986be-8c5b-48b4-95e2-4185046b7a03","path":"/данные пункт е fixed/Прошлые данные - EUR_RUB.csv"},{"id":"c097a012-718c-4aec-ac1d-4b36b39a5a27","path":"/ставка цб и курсы.csv"},{"id":"a9649e5f-3fde-48db-831d-c08ec258939c","path":"/данные пункт е fixed/нефть-brent (в долларах).csv"},{"id":"da961cf7-47bb-40ed-9630-a176c6212e56","path":"/данные пункт е fixed/Прошлые данные - Индекс РТС (в долларах).csv"},{"id":"805af51f-8aeb-4ca7-8cab-5ca20772a9c9","path":"/РМ - проект - котировки облигации (2).zip"},{"id":"64f7cb60-5cea-4c6f-b764-7176e90ce759","path":"/РМ - проект - котировки облигации.zip"},{"id":"d2bbf9da-0459-416f-86da-0e327f0daee5","path":"/20240610-154702/РМ - проект - котировки облигации/"},{"id":"6c119df9-6d1d-4693-838e-4a59fc0bbf2d","path":"/20240610-154702//РМ - проект - котировки облигации"},{"id":"5025a7e9-0f24-4c38-9bb3-c621ba9514c7","path":"/РМ - проект - котировки облигации/SU26227RMFS7_200101_240101.csv"},{"id":"5daaca68-a315-44ff-8080-aebc4ddf09b7","path":"/РМ - проект - котировки облигации/SU26229RMFS3_200101_240101.csv"},{"id":"926d36cd-df49-4422-a3ef-3a2dcbe7996b","path":"/РМ - проект - котировки облигации/.DS_Store"},{"id":"313466b9-1c9c-4bf1-858b-1ef49587d9fa","path":"/Прошлые данные - EUR_RUB.csv"},{"id":"0f3be1d8-7879-48c3-91bb-d16070a95b5a","path":"/данные пункт е fixed//Прошлые данные - EUR_RUB.csv"},{"id":"955b31ce-0c94-4623-b613-c21b682f9d99","path":"/Прошлые данные - USD_RUB.csv"},{"id":"a7ae79e9-4afa-47b5-8313-0389528bc821","path":"/данные пункт е fixed//Прошлые данные - USD_RUB.csv"},{"id":"7591fcef-f57b-4625-b8e3-566ff388e22c","path":"/данные пункт е fixed/Прошлые данные - USD_RUB.csv"},{"id":"3b2cc97f-3dcf-4014-bd49-5701b117e54d","path":"/СТАВКА ЦБ.csv"},{"id":"f1072b04-6053-4b7c-87e4-95ff9a6bc2a8","path":"/merged_df.csv"},{"id":"71217a58-efea-4576-a37b-064d980a4d63","path":"/untitled/"},{"id":"df6b4bbf-9652-4195-846c-be9377606891","path":"/новые котировки\\"},{"id":"f7a36b50-6fde-4548-a801-1a28241b4556","path":"/новые котировки\\/"},{"id":"1da4b230-94a2-4c67-866c-e4c71b02be64","path":"/новые котировки"},{"id":"57b4cc40-d285-4242-a232-a3ab4f78743d","path":"/Updated данные с числами - BELU.csv"},{"id":"c36eedf4-4bca-4956-9aa2-b771db6df8e5","path":"/Updated данные с числами - CHMF.csv"},{"id":"7af6b49d-e61b-4b83-af7c-f7e09680c2da","path":"/новые котировки//Updated данные с числами - BELU.csv"},{"id":"1148c083-f170-4616-abce-8b47bf9290e7","path":"/новые котировки//Updated данные с числами - CHMF.csv"},{"id":"35a19b62-2991-4df4-b860-4a03b933d275","path":"/Updated данные с числами - KROT.csv"},{"id":"6f7243cc-b23a-47f9-a565-c27928ef1c31","path":"/Updated данные с числами - MGNT.csv"},{"id":"1ee66df9-faf6-4b47-8b30-a6ae008ae9be","path":"/новые котировки//Updated данные с числами - KROT.csv"},{"id":"cd6b501c-2b0c-4659-853a-b6ad1d830317","path":"/новые котировки//Updated данные с числами - MGNT.csv"},{"id":"9a3749d0-db8e-4092-8412-c1ae24b93e2e","path":"/Updated данные с числами - NLMK.csv"},{"id":"c6eb2aae-1c56-4f06-8a31-d7545af7b823","path":"/новые котировки//Updated данные с числами - NLMK.csv"},{"id":"4ad5b013-b8c7-4674-9e3c-d8353e8902ca","path":"/Updated данные с числами - NVTK.csv"},{"id":"3274239c-fbfb-46bb-bf36-85cd5c2cda5e","path":"/новые котировки//Updated данные с числами - NVTK.csv"},{"id":"55de5a64-bfb0-4a6a-afd6-910f1a990fc9","path":"/Updated данные с числами - PHOR.csv"},{"id":"e17a8828-844a-4147-bc71-9b4180814cda","path":"/Updated данные с числами - PIKK.csv"},{"id":"1bba3cac-3f7c-4878-b093-0ee7877b82d4","path":"/новые котировки//Updated данные с числами - PHOR.csv"},{"id":"6f661484-69fe-4991-8cf3-897c291c5df3","path":"/новые котировки//Updated данные с числами - PIKK.csv"},{"id":"1baef545-4630-4d34-ad90-738ffd6320aa","path":"/Updated данные с числами - ROSN.csv"},{"id":"a853499c-4656-4a91-8c9e-bdf1a405dab8","path":"/Updated данные с числами - SBER.csv"},{"id":"42be6c89-8e91-4722-a08a-dd1feb096a63","path":"/новые котировки//Updated данные с числами - ROSN.csv"},{"id":"ced1e6bf-68d7-4269-a319-b523e5fe30d3","path":"/новые котировки//Updated данные с числами - SBER.csv"},{"id":"b0e2efa4-eeac-4062-a6c4-5e1015b73fc0","path":"/новые котировки/Updated данные с числами - NLMK.csv"},{"id":"d83cadf6-3b74-4c67-836b-0e5163372cbc","path":"/новые котировки/Updated данные с числами - BELU.csv"},{"id":"7a1dbffa-646c-455a-9b51-6b61bea2fa6c","path":"/новые котировки/Updated данные с числами - CHMF.csv"},{"id":"5ba6d618-dfee-4767-88a5-9de478b182f0","path":"/новые котировки/Updated данные с числами - KROT.csv"},{"id":"a0b50a9a-c81b-4b3e-a504-a94eda28bb15","path":"/новые котировки/Updated данные с числами - MGNT.csv"},{"id":"e92b788e-ece0-4680-9310-4de056dbf479","path":"/новые котировки/Updated данные с числами - ROSN.csv"},{"id":"dbaec3b1-52b7-4dbe-805b-66b023d3622a","path":"/Final_Cleaned_DataFrame.csv"},{"id":"12c4bd9c-4402-4441-9efe-d5fcac752850","path":"/data.xls"},{"id":"8ddabbb6-1efa-4a54-947f-ae72c1acf1e6","path":"/pord_basket.xls"},{"id":"a88c0058-3bd3-4093-a504-46b7ee7796b4","path":"/cons_basket.xls"},{"id":"79fb7962-17bb-447e-9d56-e49bce4c212d","path":"/boostings"},{"id":"3126afaa-93d7-4373-9e41-c4f040414d3e","path":"/20240616-211143/boostings/"},{"id":"f675eef4-f925-4fed-af54-55f72fbd07f9","path":"/./boostings"},{"id":"36a82175-50df-47ea-986d-7e5c7168ee34","path":"/requirements.txt"}]